scenario,replication,success,failure_reason,theta,mu,sigma,half_life
"T=10, dt=0.1",0,True,,0.5159766094045046,1.2460427657684319,0.8327725506169764,1.3433693852128599
"T=10, dt=0.1",1,True,,2.2457853906144,2.0583922246255857,0.8537169668780293,0.3086435522542582
"T=10, dt=0.1",2,True,,1.180057759141814,1.8183915331791078,0.7981075173542285,0.5873841133539346
"T=10, dt=0.1",3,True,,0.7641397322271805,1.7728791882165604,0.8683100396882073,0.9070948039040994
"T=10, dt=0.1",4,True,,1.2136791767613098,1.8462716431825525,0.7353717083403275,0.5711123613487391
"T=10, dt=0.1",5,True,,0.7338107341909694,1.4646774460531875,0.7954839132849976,0.944585774319783
"T=10, dt=0.1",6,True,,0.21228310297842004,1.8140922407677802,0.7800416454536838,3.2652018499579225
"T=10, dt=0.1",7,True,,1.2292342369119273,1.290286592098397,0.8581732966610173,0.5638853521532757
"T=10, dt=0.1",8,True,,0.6014879597871924,1.0202836991163482,0.8006713097682417,1.1523874572737618
"T=10, dt=0.1",9,True,,2.3277692100881384,1.6894845863343793,0.8911252565137524,0.29777315446736236
"T=10, dt=0.1",10,True,,1.4620871191124674,1.6200638127801075,0.8211445113315402,0.47408062864318734
"T=10, dt=0.1",11,True,,1.917146321132939,1.1808463131972233,0.7929461054773214,0.3615515273504682
"T=10, dt=0.1",12,True,,1.753205571353014,1.4643330704026778,0.8709720417305749,0.3953599006789705
"T=10, dt=0.1",13,True,,1.3419725219210967,1.4962129161685678,0.8337679125082559,0.5165136910312236
"T=10, dt=0.1",14,True,,0.6837754044679137,1.2239817630461933,0.789471263437566,1.0137059274592135
"T=10, dt=0.1",15,True,,1.1983856593450093,1.1540789529229425,0.7614392220324587,0.578400763689706
"T=10, dt=0.1",16,True,,1.4154173167178625,1.5059697394031135,0.8196936009420808,0.48971223707171263
"T=10, dt=0.1",17,True,,1.2628669687103695,1.7433161694452977,0.8266125608319347,0.5488679312499416
"T=10, dt=0.1",18,True,,0.9628370908748227,2.0666564392647877,0.7242676979387964,0.7199007881283008
"T=10, dt=0.1",19,True,,0.5440278903209911,1.4274280272258821,0.7699630796966609,1.2741022894083056
"T=10, dt=0.1",20,True,,0.9028983549573991,1.3713957092020779,0.8873528230137239,0.767691265305993
"T=10, dt=0.1",21,True,,0.5568046976527051,2.1090878795633285,0.7477320840617628,1.244865899088159
"T=10, dt=0.1",22,True,,0.4829683272513017,2.025517550117858,0.8057930691234152,1.4351814424453588
"T=10, dt=0.1",23,True,,0.8548398720646679,1.5784374725666268,0.8543632165952785,0.8108503161952526
"T=10, dt=0.1",24,True,,0.6363525781942205,1.289731045097078,0.8143926954296512,1.0892502117723653
"T=10, dt=0.1",25,True,,1.2589234450237996,1.8631068287936006,0.817864750563003,0.5505872364993898
"T=10, dt=0.1",26,True,,2.50059285666962,1.0023827121614677,0.8360534511106041,0.2771931379037465
"T=10, dt=0.1",27,True,,1.419330914002691,1.7762583763885094,0.7893812956444033,0.4883619272444249
"T=10, dt=0.1",28,True,,1.080871734567987,1.2817068304210197,0.8281870815747868,0.6412853240509512
"T=10, dt=0.1",29,True,,0.7982018036216779,1.6241256323403117,0.839406558860243,0.8683858861442448
"T=10, dt=0.1",30,True,,0.6077927607896982,1.7337197007259406,0.7923241932729341,1.140433426122659
"T=10, dt=0.1",31,True,,0.806888970389465,1.272803434246177,0.8018687139604092,0.8590366283298935
"T=10, dt=0.1",32,True,,1.5225375336470992,0.8578169322727812,0.8290366391443232,0.4552578608026659
"T=10, dt=0.1",33,True,,5.85372854241816,1.6909985069160876,0.9012031390176011,0.11841122722674255
"T=10, dt=0.1",34,True,,1.4098886679216276,1.0207912448183694,0.8169168629354372,0.491632563854663
"T=10, dt=0.1",35,True,,1.2153090204946022,0.8684300836115862,0.8096885288491698,0.5703464459416673
"T=10, dt=0.1",36,True,,0.9650800849584801,1.3909402708982772,0.7920367961535867,0.718227628321401
"T=10, dt=0.1",37,True,,1.6568599879329597,1.6361204144239045,0.6431360593835483,0.41834988207102
"T=10, dt=0.1",38,True,,1.9099235396111875,1.654833314738833,0.8571107239417274,0.362918811242597
"T=10, dt=0.1",39,True,,2.491735711567788,1.5604076142817802,0.8449649400708261,0.2781784510058735
"T=10, dt=0.1",40,True,,0.8632624621827013,1.1586318937273343,0.838815833642894,0.802939095495209
"T=10, dt=0.1",41,True,,0.21336104431049352,0.7953589444687478,0.7357887266034886,3.2487054176171135
"T=10, dt=0.1",42,True,,0.8877287274793256,1.9071667525458322,0.8732631593684306,0.7808096765417429
"T=10, dt=0.1",43,True,,1.6050527282659626,1.421290724362868,0.8429583614004358,0.4318532147593649
"T=10, dt=0.1",44,True,,0.4318069926576836,1.4119599541074144,0.8201655805295486,1.6052245386156587
"T=10, dt=0.1",45,True,,1.0662325836934614,1.8969095511700695,0.8115010041956943,0.65009003772785
"T=10, dt=0.1",46,True,,0.781313323197004,1.3005452451124013,0.7866393646727007,0.8871564838081891
"T=10, dt=0.1",47,True,,0.6273126754841966,1.4895587226432556,0.7641533022467896,1.1049468752164682
"T=10, dt=0.1",48,True,,0.7488673397279625,1.495851232614152,0.8969165951615101,0.9255940856116673
"T=10, dt=0.1",49,True,,1.7073403028061502,1.4411688400163027,0.7663578091126455,0.40598068201207604
"T=10, dt=0.1",50,True,,2.529976620180703,1.4539227127146006,0.8281464005929825,0.27397374941371494
"T=10, dt=0.1",51,True,,0.9126436263532598,1.8257973664130862,0.7755630307613999,0.7594938051883646
"T=10, dt=0.1",52,True,,0.7020799468967522,0.8181376292070662,0.8063662611442703,0.9872767106135271
"T=10, dt=0.1",53,True,,0.4563584853716244,2.038190438187678,0.7100255355521582,1.5188655471049208
"T=10, dt=0.1",54,True,,1.8796010768379336,1.6344192975585452,0.7381648673489278,0.3687735600396823
"T=10, dt=0.1",55,True,,1.0889074534736762,1.5497695598295114,0.7811286348657569,0.6365528845897479
"T=10, dt=0.1",56,True,,1.0867290922481991,1.6756069051720175,0.7910680654790038,0.6378288623211319
"T=10, dt=0.1",57,True,,0.8330627969032789,1.9514018273992948,0.8483386563392575,0.8320467354160599
"T=10, dt=0.1",58,True,,2.5998728596358713,1.5515479462128505,0.9763022009158808,0.2666081066198848
"T=10, dt=0.1",59,True,,1.341211139915999,1.2494578489925503,0.8736017858638241,0.5168069067808053
"T=10, dt=0.1",60,True,,2.224081727033448,1.8673263311321275,0.8861565263882707,0.31165544509215826
"T=10, dt=0.1",61,True,,1.1276679735827566,1.8138870795996345,0.7722889850824926,0.6146731101688746
"T=10, dt=0.1",62,True,,0.43844774073553067,1.1595548032746519,0.7909333193068201,1.580911739668532
"T=10, dt=0.1",63,True,,1.298023747786039,1.7065307735163966,0.8876496191220326,0.5340019254210139
"T=10, dt=0.1",64,True,,0.9542728359535831,1.7235598914802188,0.8653086129717935,0.7263616383539819
"T=10, dt=0.1",65,True,,1.3389005371784828,0.9837985571200671,0.859602283689986,0.5176987844225093
"T=10, dt=0.1",66,True,,0.8909899749328021,1.8086255029532596,0.7841165549541572,0.7779517166982962
"T=10, dt=0.1",67,True,,1.2848292153431742,1.3564763017517991,0.8606057061582826,0.5394858493895686
"T=10, dt=0.1",68,True,,0.63522208732643,1.539696610103324,0.823877403577702,1.0911887265717013
"T=10, dt=0.1",69,True,,1.4500562873336509,1.1653270573082135,0.871116366710795,0.478013982363745
"T=10, dt=0.1",70,True,,0.529026104198803,1.7507859049208012,0.7241811019284967,1.3102324725727845
"T=10, dt=0.1",71,True,,1.25399863936,0.918567161596479,0.8000322326825167,0.552749547570247
"T=10, dt=0.1",72,True,,2.7219591769790354,1.5523564425891108,0.8826736336486479,0.25465010144980726
"T=10, dt=0.1",73,True,,1.1220157883019535,0.9629927324768014,0.8075485187181023,0.6177695428055845
"T=10, dt=0.1",74,True,,0.8339736740598481,1.0599054479735897,0.7582079069929981,0.831137962887547
"T=10, dt=0.1",75,True,,0.7996007892366075,1.9821999701962283,0.7808412232322446,0.8668665537732957
"T=10, dt=0.1",76,True,,1.1926196390754922,1.6456896678774424,0.7622892296050733,0.58119718797962
"T=10, dt=0.1",77,True,,0.8681178192674386,1.7095882591842304,0.9262938364428834,0.7984482810695646
"T=10, dt=0.1",78,True,,1.5564866152192454,2.0570440866272306,0.7603732113170621,0.4453280701436094
"T=10, dt=0.1",79,True,,1.1524323310429507,1.3668594085564676,0.8593365222632067,0.6014645388615985
"T=10, dt=0.1",80,True,,1.9860392467147483,1.1686972760588303,0.9131802267821568,0.3490098102071902
"T=10, dt=0.1",81,True,,1.5208162209548752,1.200073227732981,0.8661230213370366,0.45577313748319886
"T=10, dt=0.1",82,True,,0.6149232587340694,2.673973793278611,0.8234007772429741,1.1272092423157225
"T=10, dt=0.1",83,True,,2.0326982774861504,2.0624712048454494,0.9035828709102504,0.34099855755137665
"T=10, dt=0.1",84,True,,0.9991192294590879,0.9640709447913837,0.825590637401723,0.6937582223647196
"T=10, dt=0.1",85,True,,1.2981319219877347,1.3767071289968142,0.8356291973751206,0.5339574266832446
"T=10, dt=0.1",86,True,,0.8272798912001773,1.3428602331848196,0.8352940208423769,0.8378629626236426
"T=10, dt=0.1",87,True,,1.427576938439697,1.9532210509248331,0.7683159262307221,0.48554103242767177
"T=10, dt=0.1",88,True,,1.6980615297768122,1.2290178231610873,0.8013696393007432,0.40819909550100364
"T=10, dt=0.1",89,True,,1.2000877011880555,0.9461313566189938,0.7497414312676813,0.577580438391084
"T=10, dt=0.1",90,True,,1.4195642955991612,1.4174996682966925,0.7369619511119195,0.4882816387456307
"T=10, dt=0.1",91,True,,1.0939056558459188,1.0974258768096259,0.8994329585456293,0.6336443886689055
"T=10, dt=0.1",92,True,,0.5454490778320336,2.1074992824427037,0.7421889961469196,1.2707825693187698
"T=10, dt=0.1",93,True,,0.8683535300950997,1.191290345785838,0.7896626319556252,0.7982315457208237
"T=10, dt=0.1",94,True,,0.7555370008384125,1.5495744368426567,0.7949959201125407,0.9174232099695531
"T=10, dt=0.1",95,True,,1.638724747845669,1.2568634661601288,0.8510084014893367,0.4229796257554439
"T=10, dt=0.1",96,True,,0.9995389820400964,1.38706994992242,0.7979530674338122,0.6934668812467985
"T=10, dt=0.1",97,True,,0.694188705943064,1.783296902441261,0.8114938485363489,0.9984996509245944
"T=10, dt=0.1",98,True,,1.1684413502067224,2.0021566671720223,0.7358065290837743,0.5932237680884134
"T=10, dt=0.1",99,True,,2.2895054126670944,2.054708346039968,0.8856064311676467,0.3027497453052461
"T=10, dt=0.1",100,True,,1.2353629282908702,1.4787103361739398,0.7841066122652021,0.5610878914093022
"T=10, dt=0.1",101,True,,1.4922458133789935,1.6265777631455807,0.7251767065675861,0.4644993300335721
"T=10, dt=0.1",102,True,,1.2172285718739129,1.4577167602525714,0.7869300142521136,0.5694470180673226
"T=10, dt=0.1",103,True,,1.2485489770313614,1.4992541951413105,0.7825181389888936,0.5551621869155836
"T=10, dt=0.1",104,True,,1.891184445810653,1.2402674577123667,0.9406771629796059,0.3665148484566924
"T=10, dt=0.1",105,True,,1.5827886399989235,1.4838458179552916,0.8465707851611695,0.4379278212158616
"T=10, dt=0.1",106,True,,0.6793682371946843,1.62397735364581,0.7704695495188413,1.0202819952580626
"T=10, dt=0.1",107,True,,0.19268051724837046,2.2155595494851985,0.8721612352420439,3.5973911138429195
"T=10, dt=0.1",108,True,,1.536987735266595,1.103446319867848,0.8085990667160053,0.4509776913995458
"T=10, dt=0.1",109,True,,0.3891469201521072,1.5814619039115088,0.6468981573687547,1.7811966243726467
"T=10, dt=0.1",110,True,,1.1765998063188032,1.4296355696453693,0.859123957172021,0.5891103983168046
"T=10, dt=0.1",111,True,,0.4357848282209071,1.0577719054712782,0.7943622475944943,1.590572079780108
"T=10, dt=0.1",112,True,,0.673724186500287,2.214338760819309,0.8146108254058092,1.028829296096007
"T=10, dt=0.1",113,True,,0.6641566863793883,1.3127003900476755,0.8525600853461051,1.0436500825409092
"T=10, dt=0.1",114,True,,1.4183516529685287,1.1346085109889035,0.830390876809758,0.4886991030110396
"T=10, dt=0.1",115,True,,1.00328382995118,1.7514174167151757,0.6956934208385789,0.6908784532026934
"T=10, dt=0.1",116,True,,0.80122712030419,1.107648604885906,0.7714153259500298,0.8651069877624566
"T=10, dt=0.1",117,True,,1.2608922205056832,1.1168729050473083,0.8199433266771186,0.5497275415673175
"T=10, dt=0.1",118,True,,1.1666485739164536,1.7661621210586158,0.8747615443181103,0.5941353686595113
"T=10, dt=0.1",119,True,,0.3254721620954602,1.7803739314167226,0.77624123868001,2.1296665622562427
"T=10, dt=0.1",120,True,,1.1220945501112054,1.536094290547541,0.889913031415227,0.6177261804642494
"T=10, dt=0.1",121,True,,1.0143881322031683,1.9025145112859159,0.7664624068719478,0.6833155461455234
"T=10, dt=0.1",122,True,,1.1371418533489637,1.488535779283916,0.8109842478590663,0.6095520787653514
"T=10, dt=0.1",123,True,,0.6035894025605819,0.9046705527109974,0.8644120574676876,1.148375332004565
"T=10, dt=0.1",124,True,,0.7456405033931237,1.4623567760011558,0.6549817970803802,0.9295996896704223
"T=10, dt=0.1",125,True,,3.3348001802901974,1.3963831461495586,0.8669271681588956,0.20785268774323593
"T=10, dt=0.1",126,True,,0.8743444912263988,2.2562677029172504,0.7694753680805968,0.7927621063726299
"T=10, dt=0.1",127,True,,0.7029956355639997,1.990779545226068,0.8702446569855558,0.9859907309436521
"T=10, dt=0.1",128,True,,0.518789299598133,1.3328318710796314,0.7778852534644002,1.3360861164578264
"T=10, dt=0.1",129,True,,0.7570137297979129,1.6571553790471363,0.7920563293249123,0.9156335655166822
"T=10, dt=0.1",130,True,,1.3919295957343343,2.0695395101892755,0.8560503419429725,0.49797574725341237
"T=10, dt=0.1",131,True,,0.7188661815961086,1.3141475405356293,0.7566422348617501,0.9642228252008475
"T=10, dt=0.1",132,True,,0.6854589512237378,1.8982727605029324,0.8714272635025662,1.0112161776025856
"T=10, dt=0.1",133,True,,0.920770819986705,1.1795919040178726,0.7244627008741064,0.7527901248759747
"T=10, dt=0.1",134,True,,1.3668824423342913,1.7271390907752002,0.7923703019737802,0.5071008003996483
"T=10, dt=0.1",135,True,,0.702901733585252,1.942312974110466,0.8215581881967808,0.9861224513196857
"T=10, dt=0.1",136,True,,1.3976480314062205,1.6006233163389822,0.7961296589756912,0.49593829418022123
"T=10, dt=0.1",137,True,,1.6367699518052707,2.2086838088791056,0.8667758835379348,0.4234847907584328
"T=10, dt=0.1",138,True,,2.0623668389707825,1.5904473248771447,0.8816149687448944,0.33609305942189127
"T=10, dt=0.1",139,True,,0.593995104369584,1.4123022933329612,0.895342473736949,1.1669240629442441
"T=10, dt=0.1",140,True,,1.0815652039774575,1.0233298620327727,0.7349774715606459,0.6408741498070534
"T=10, dt=0.1",141,True,,2.0536910950977316,1.9348816046709953,0.6985839449563532,0.33751287241519623
"T=10, dt=0.1",142,True,,0.36240090036406314,1.8012630072249547,0.842513148742757,1.912653031114489
"T=10, dt=0.1",143,True,,0.557532027962393,1.886787499986002,0.7252899980245447,1.2432419050313284
"T=10, dt=0.1",144,True,,2.295716132904307,1.576084644957222,0.782589901311686,0.3019307006755429
"T=10, dt=0.1",145,True,,1.0962830765463014,1.6172117032513313,0.817072383653344,0.6322702551822803
"T=10, dt=0.1",146,True,,1.166755089184328,1.4786222986381223,0.7302642979493056,0.5940811289235692
"T=10, dt=0.1",147,True,,1.112615995983165,1.46715840692147,0.9044704927050363,0.6229886888759357
"T=10, dt=0.1",148,True,,0.691323506584142,1.7350418157947296,0.7909821393298996,1.0026379458508712
"T=10, dt=0.1",149,True,,1.9106488909899144,1.5278779125378592,0.8864215644208807,0.36278103414428126
"T=10, dt=0.1",150,True,,0.9643758427061934,1.6330902961279898,0.8388377551356896,0.7187521191062429
"T=10, dt=0.1",151,True,,2.1047982176249116,1.844253953002457,0.8159671780681872,0.3293176394562438
"T=10, dt=0.1",152,True,,1.4216925055184921,1.1973869560862906,0.8341558490495973,0.4875507030313521
"T=10, dt=0.1",153,True,,1.458613966832446,1.244099451528763,0.8222746932551477,0.475209477162211
"T=10, dt=0.1",154,True,,0.9542022332476292,1.397724967825718,0.8582298384693414,0.7264153828280379
"T=10, dt=0.1",155,True,,1.106516349879338,1.9961337069329355,0.737622220017988,0.6264228997931488
"T=10, dt=0.1",156,True,,1.157680393503875,1.5222564038095443,0.8672341461878278,0.5987379456795
"T=10, dt=0.1",157,True,,2.090449564192775,1.803036887677793,0.8553855647977862,0.3315780454275649
"T=10, dt=0.1",158,True,,1.2884393997028594,0.8912256538987475,0.7325694292202127,0.5379742196022562
"T=10, dt=0.1",159,True,,1.8241025902727863,1.9778376004473273,0.8643038994622002,0.37999352901323835
"T=10, dt=0.1",160,True,,0.40310155812601345,1.6665165924450478,0.6873848294559487,1.7195348581194538
"T=10, dt=0.1",161,True,,0.8759430298262081,2.246974608219801,0.8642591919350429,0.7913153675045163
"T=10, dt=0.1",162,True,,1.00732207515131,1.3694452249109705,0.791080873290763,0.688108796241587
"T=10, dt=0.1",163,True,,0.8882261452791952,1.862906665661631,0.8612444081055554,0.7803724133138066
"T=10, dt=0.1",164,True,,1.2284921354754423,1.1833740261527486,0.8038544672749127,0.5642259812202122
"T=10, dt=0.1",165,True,,1.4028941356561446,1.7081105638878218,0.7562895804145446,0.49408373942325656
"T=10, dt=0.1",166,True,,1.8473422554089363,1.350672313382904,0.8354418326763198,0.37521318993837827
"T=10, dt=0.1",167,True,,1.0601755052379487,1.90310576000336,0.816005979773259,0.6538041834916507
"T=10, dt=0.1",168,True,,0.47046472695390923,1.097597067599465,0.802196058699643,1.473324440384352
"T=10, dt=0.1",169,True,,2.124812788498354,1.548561409800524,0.7996082738082786,0.32621564794412106
"T=10, dt=0.1",170,True,,1.1990598289486023,1.4525302363845718,0.8797594768776695,0.5780755587214798
"T=10, dt=0.1",171,True,,1.0755575184876975,1.171913749545094,0.822992540264392,0.6444538470936956
"T=10, dt=0.1",172,True,,0.4583524834927253,1.126744767402554,0.8292454258227643,1.5122579358096715
"T=10, dt=0.1",173,True,,0.9376542751679449,1.5396234798373674,0.8485706983762619,0.7392353438966558
"T=10, dt=0.1",174,True,,2.3880706561210245,1.609244651167561,0.9104421947460639,0.29025405039138735
"T=10, dt=0.1",175,True,,1.483195702705498,1.2297425044107302,0.8050915178232675,0.4673335954895063
"T=10, dt=0.1",176,True,,1.1345081704448794,1.7198768980957642,0.8434202923995903,0.6109671121082704
"T=10, dt=0.1",177,True,,2.6820112124690865,1.8542374663813097,0.861536207578018,0.2584430584545644
"T=10, dt=0.1",178,True,,1.4695370400931558,1.588934317862587,0.8716235686306735,0.47167724368213665
"T=10, dt=0.1",179,True,,0.7487862096404228,2.09673763709915,0.7006682371999821,0.9256943726204625
"T=10, dt=0.1",180,True,,2.227101804969781,1.7453210847997376,0.815053706895455,0.31123282241215305
"T=10, dt=0.1",181,True,,0.8416565569241576,0.7999694319003718,0.8234564332544843,0.8235510967716555
"T=10, dt=0.1",182,True,,1.6023680768219273,1.5116576417333258,0.8402564757126672,0.43257675348519525
"T=10, dt=0.1",183,True,,1.4509643832763035,1.0304640992262246,0.8462990975705632,0.4777148140568458
"T=10, dt=0.1",184,True,,1.4440983993263945,1.1832841339209712,0.8054718594172299,0.4799861151312588
"T=10, dt=0.1",185,True,,0.468223326061533,0.9406237217930812,0.7628416486006042,1.480377294293222
"T=10, dt=0.1",186,True,,0.5704647646185335,1.6969071951959704,0.7495977505254747,1.2150569562757287
"T=10, dt=0.1",187,True,,2.292388510865615,1.6649191195075455,0.8519629559978975,0.3023689820789628
"T=10, dt=0.1",188,True,,1.5240487211376044,1.8467660944890096,0.7707518826019544,0.4548064447982709
"T=10, dt=0.1",189,True,,0.486926276810835,2.0754713215631937,0.7905351091846597,1.4235156605221053
"T=10, dt=0.1",190,True,,1.3211929831957558,1.121809662083865,0.791944376803686,0.5246373462288094
"T=10, dt=0.1",191,True,,1.9547501762707034,1.1076513121252851,0.753204307040917,0.35459630032229494
"T=10, dt=0.1",192,True,,0.8577401456161357,1.8849696478098674,0.9487385385653335,0.8081085910489135
"T=10, dt=0.1",193,True,,0.9223285700474296,1.4047010389484076,0.8345073485103411,0.7515187136882261
"T=10, dt=0.1",194,True,,0.8674681053604899,1.5329523665871145,0.8175353060762797,0.7990463006958592
"T=10, dt=0.1",195,True,,1.318235432803943,1.3863188434971716,0.889373825958643,0.5258144056146266
"T=10, dt=0.1",196,True,,1.4077787950977008,1.1534780876127309,0.8668709650172356,0.49236938571151045
"T=10, dt=0.1",197,True,,1.6844159519405357,1.3660267777932669,0.7795896267950282,0.4115059464744461
"T=10, dt=0.1",198,True,,0.7136339542230709,1.8637212000052412,0.8256071675593677,0.9712923221465416
"T=10, dt=0.1",199,True,,0.8807044868191818,1.7904577006062121,0.8571105916017147,0.7870371854960879
"T=10, dt=0.1",200,True,,1.578553816173428,1.9070734736859125,0.8306970504719399,0.439102660586006
"T=10, dt=0.1",201,True,,1.1915778740356315,1.4012923095046563,0.8358208392159917,0.5817053133190506
"T=10, dt=0.1",202,True,,0.8578584959505262,1.6114043153357736,0.7521611285759423,0.8079971042216267
"T=10, dt=0.1",203,True,,0.5468952922656198,2.024290128885196,0.742674359373173,1.2674221013833353
"T=10, dt=0.1",204,True,,0.5028919054516797,2.0232409591358005,0.8351119208964162,1.3783224049657052
"T=10, dt=0.1",205,True,,1.7408666222009832,1.603627773885287,0.8363704075863829,0.398162140465188
"T=10, dt=0.1",206,True,,0.6234359201246603,1.2861798910930136,0.7819673017605766,1.1118178439595616
"T=10, dt=0.1",207,True,,0.77695277364662,1.4468984260958833,0.7692597012745483,0.8921355377968033
"T=10, dt=0.1",208,True,,2.1601451652758983,1.2757432988007475,0.8165381878752136,0.32087990737947236
"T=10, dt=0.1",209,True,,1.4869691183672875,1.6195439176922293,0.7972715849251536,0.4661476637262181
"T=10, dt=0.1",210,True,,1.024928810603701,1.1934530481347627,0.8187706838483052,0.6762881220517838
"T=10, dt=0.1",211,True,,1.7321864078069107,1.385157007984353,0.8160424388776512,0.40015738342937707
"T=10, dt=0.1",212,True,,1.4010103995704148,1.4883684916641702,0.8354439248644514,0.494748062378753
"T=10, dt=0.1",213,True,,0.8416103992326538,0.9328962126241508,0.7690442901549883,0.8235962640099609
"T=10, dt=0.1",214,True,,0.28618787193624545,1.4986898075848927,0.8407382361988327,2.4220005406600835
"T=10, dt=0.1",215,True,,1.2246096526003325,1.6659320759031435,0.8319757836893598,0.5660147942555561
"T=10, dt=0.1",216,True,,0.9213298587360094,1.4057248806279834,0.8288047206725979,0.7523333516086058
"T=10, dt=0.1",217,True,,0.447513733643867,2.0158016967810957,0.7505549867761792,1.5488847122433884
"T=10, dt=0.1",218,True,,2.133818272622131,1.6255747144607358,0.8831208349696583,0.3248389000381814
"T=10, dt=0.1",219,True,,0.4130608867085027,1.202876522006743,0.7370618274647155,1.678075080125172
"T=10, dt=0.1",220,True,,0.7969419622966148,1.4113120070076997,0.7830732434456507,0.8697586692040216
"T=10, dt=0.1",221,True,,1.470818490316376,1.710194039723322,0.8126747190105593,0.47126629500751516
"T=10, dt=0.1",222,True,,1.1578130062777037,1.66012466047542,0.7727333566889383,0.5986693678527331
"T=10, dt=0.1",223,True,,1.7815390188056857,1.6128336120887123,0.783608509717145,0.38907212990744355
"T=10, dt=0.1",224,True,,1.6237420466478965,1.0094312543477095,0.8394122798278962,0.426882571644246
"T=10, dt=0.1",225,True,,1.0301124562978488,1.9355122522923425,0.7521230405959878,0.6728849615614466
"T=10, dt=0.1",226,True,,3.4473502184201408,1.4564510651922233,0.7905517814955495,0.20106665602359436
"T=10, dt=0.1",227,True,,1.0570077479953042,1.4756210311627294,0.7939326086134205,0.6557635758815882
"T=10, dt=0.1",228,True,,0.9341612283035817,1.3543631387692638,0.8099126198522083,0.741999517383832
"T=10, dt=0.1",229,True,,0.9139258796872993,0.6667495498034508,0.7581035660077725,0.7584282226443859
"T=10, dt=0.1",230,True,,1.5949876641380079,0.8862700833258085,0.8170676024901279,0.43457839589909836
"T=10, dt=0.1",231,True,,1.3832068620857778,1.1629800379813577,0.7562470090505131,0.501116065542596
"T=10, dt=0.1",232,True,,0.9150290451592732,1.5719114453959138,0.7647656500110632,0.7575138562287863
"T=10, dt=0.1",233,True,,2.161584631929531,1.7225330914827155,0.8585212118109556,0.32066622343683576
"T=10, dt=0.1",234,True,,0.9959955576296673,1.3732104823551625,0.8420085857708866,0.695934008189294
"T=10, dt=0.1",235,True,,1.1206576212990842,1.1227208070001502,0.8012604270908162,0.6185182408847031
"T=10, dt=0.1",236,True,,1.0024462073855138,1.9056198648816318,0.8309290187851832,0.6914557364307325
"T=10, dt=0.1",237,True,,0.5842055199761801,2.0308442110959373,0.8197629438847147,1.1864783143237112
"T=10, dt=0.1",238,True,,1.379438047394939,1.4479516293768007,0.9087244289798578,0.5024851836361552
"T=10, dt=0.1",239,True,,1.0241857220578696,1.6445175203359113,0.841905537943195,0.676778796688576
"T=10, dt=0.1",240,True,,1.6079021917407332,1.743333917933935,0.845490083954382,0.4310879008191016
"T=10, dt=0.1",241,True,,1.4144648063145737,1.0837776645213069,0.6918733270405888,0.49004201268602715
"T=10, dt=0.1",242,True,,1.544722682375762,1.6264225340477025,0.8323153977509484,0.44871949409967526
"T=10, dt=0.1",243,True,,0.6341556952869531,1.7099410278356744,0.7458391379792289,1.0930236623457252
"T=10, dt=0.1",244,True,,0.70629939705533,1.2574734789168267,0.7482200614956123,0.9813786949978744
"T=10, dt=0.1",245,True,,0.5452655558442777,2.0929871174091583,0.8551422994167428,1.2712102811751804
"T=10, dt=0.1",246,True,,0.6173703522841198,1.398650938673999,0.7454981868649833,1.1227412816236957
"T=10, dt=0.1",247,True,,1.3823504122447656,1.468842470034217,0.7720252194340497,0.5014265373092777
"T=10, dt=0.1",248,True,,0.2652764241601463,2.085724886118296,0.6704950332749972,2.6129241705304924
"T=10, dt=0.1",249,True,,1.6497197846043639,1.6408299234499417,0.858960557355241,0.4201605551612973
"T=10, dt=0.1",250,True,,1.11735074982169,1.596180713352259,0.8324610850384705,0.6203487854378401
"T=10, dt=0.1",251,True,,1.645120535212692,0.8742285513027717,0.8817006174202698,0.4213351944271552
"T=10, dt=0.1",252,True,,0.9778141125214296,1.3019951439684743,0.8756877361841584,0.7088741834299864
"T=10, dt=0.1",253,True,,1.1931166613340505,1.0920112799949864,0.9380815386107518,0.5809550759143048
"T=10, dt=0.1",254,True,,3.2203667087948804,1.1746656711317032,0.816662082176762,0.21523858716678063
"T=10, dt=0.1",255,True,,1.3468061872781874,1.3607621639060374,0.7522497813707615,0.5146599318501448
"T=10, dt=0.1",256,True,,1.1879454389366246,2.1289905192922176,0.7509087781451801,0.5834840202597249
"T=10, dt=0.1",257,True,,0.7801490756333569,1.1787606787348885,0.8856919801352554,0.8884804227925542
"T=10, dt=0.1",258,True,,1.0530340985561715,1.4044455172556007,0.6870820130166151,0.6582381154706465
"T=10, dt=0.1",259,True,,1.7573492951700602,0.4427389375355911,0.8201680194210043,0.3944276658402556
"T=10, dt=0.1",260,True,,0.9397503031182667,1.0003329373449779,0.8554640426093856,0.7375865464048841
"T=10, dt=0.1",261,True,,2.1150436150422953,0.8146650947839378,0.8091514464616453,0.32772240516944806
"T=10, dt=0.1",262,True,,1.5102889268858002,1.7668070872803876,0.9001686545773462,0.45895005135819106
"T=10, dt=0.1",263,True,,0.5425830632272126,2.195588311703473,0.8471954342244001,1.2774950556642832
"T=10, dt=0.1",264,True,,0.5062488438820513,0.5602104194879275,0.7242993387385249,1.3691827427095096
"T=10, dt=0.1",265,True,,0.9106090195884766,1.4014106341433359,0.8615235670993351,0.7611907697479134
"T=10, dt=0.1",266,True,,0.6241947697034688,1.4336226240708676,0.7585962573472751,1.1104661785122505
"T=10, dt=0.1",267,True,,0.39452540425059696,2.2385690821721296,0.8152958072778239,1.7569139353055907
"T=10, dt=0.1",268,True,,1.0408811459297962,1.1105277193466452,0.7819662635827326,0.6659234661617126
"T=10, dt=0.1",269,True,,1.401687830248191,1.367497197156477,0.8400094006204186,0.49450895242288906
"T=10, dt=0.1",270,True,,2.3807577198400844,1.6906527271152643,0.8189215092939492,0.29114561922180976
"T=10, dt=0.1",271,True,,0.9306106479766704,1.6867174791834314,0.7048352088173565,0.7448304853022936
"T=10, dt=0.1",272,True,,1.3549416082726247,1.4970839741842115,0.9319703525029686,0.5115697800760716
"T=10, dt=0.1",273,True,,0.40899302564545603,1.0674738256379834,0.7722961388530131,1.6947652822833563
"T=10, dt=0.1",274,True,,0.42742549765835247,1.3379259461958137,0.7297010892482231,1.62167953095299
"T=10, dt=0.1",275,True,,1.1032875621412497,1.8067139146185793,0.7668292463163338,0.628256135884186
"T=10, dt=0.1",276,True,,0.629256199259013,1.5297158734985674,0.7694723201317002,1.101534130893216
"T=10, dt=0.1",277,True,,0.6085779586127565,1.225321935737495,0.8230615481059538,1.1389620191634329
"T=10, dt=0.1",278,True,,1.7855188243950681,1.3091451388735764,0.8391508720111057,0.38820491337848695
"T=10, dt=0.1",279,True,,0.5393289656024461,2.2101225159185813,0.8805487206952575,1.2852029554646296
"T=10, dt=0.1",280,True,,1.4987460441222902,2.0090547943270396,0.7049841282553875,0.46248474401536965
"T=10, dt=0.1",281,True,,0.17417911621681484,1.2880649309344887,0.7895250253984579,3.9795079663691078
"T=10, dt=0.1",282,True,,0.7840408898019676,1.4136795122691148,0.8891675808174944,0.8840701927357638
"T=10, dt=0.1",283,True,,0.95626129166715,0.935836344175335,0.8112432352632989,0.7248512374180801
"T=10, dt=0.1",284,True,,1.247313628838875,2.2528888879408613,0.752130503716373,0.5557120234509073
"T=10, dt=0.1",285,True,,1.7093962044197082,1.0996331721543575,0.7860105403715173,0.40549240648118157
"T=10, dt=0.1",286,True,,1.6097526523300414,1.8413702096616111,0.7789642938670337,0.43059235190987094
"T=10, dt=0.1",287,True,,1.3988883890458155,1.4908099737056415,0.8382873860832559,0.49549855870398807
"T=10, dt=0.1",288,True,,1.7588852911988244,1.9763146973323222,0.9051859745508185,0.3940832207923626
"T=10, dt=0.1",289,True,,0.9235876655408995,1.4417986884209053,0.6915137225056163,0.7504941939149905
"T=10, dt=0.1",290,True,,0.9179246762502907,1.2797911225102387,0.9279738334791197,0.7551242476577072
"T=10, dt=0.1",291,True,,2.4390820770147936,1.8030466398907579,0.7465468640616703,0.2841836226390102
"T=10, dt=0.1",292,True,,0.964089531820311,1.2011821785041814,0.7952058587471551,0.7189655708129143
"T=10, dt=0.1",293,True,,1.2507557004297323,1.685505584866185,0.7865349325461994,0.5541827075597537
"T=10, dt=0.1",294,True,,0.7153366902240998,1.7644837388193448,0.9190687651148699,0.9689803277709647
"T=10, dt=0.1",295,True,,2.1155122318695185,1.6271670364252389,0.8157880223053235,0.3276498098748396
"T=10, dt=0.1",296,True,,0.7093863223482416,1.8416180989029236,0.7474167118109788,0.9771081831201075
"T=10, dt=0.1",297,True,,0.5350127212836661,1.59195861835555,0.77990822561246,1.2955714004273846
"T=10, dt=0.1",298,True,,0.8964106692783875,0.8976442466262028,0.7825909721719438,0.7732473567253837
"T=10, dt=0.1",299,True,,1.7163794924033975,1.4875629821369052,0.7502375489649362,0.40384261384371994
"T=10, dt=0.1",300,True,,2.5530842917040273,1.9237378044131328,0.8523687189969325,0.271494044600193
"T=10, dt=0.1",301,True,,1.5452379785963113,1.9512914933409833,0.7506934625381273,0.4485698579513285
"T=10, dt=0.1",302,True,,0.8304205365822276,1.5595558055740382,0.8137084780141268,0.8346941700318973
"T=10, dt=0.1",303,True,,0.6084551312649557,1.723942730917154,0.6900066868420905,1.1391919386379699
"T=10, dt=0.1",304,True,,2.396118262247968,1.9892009918250801,0.8537204344894002,0.28927920273419844
"T=10, dt=0.1",305,True,,0.9352300366147585,1.6950860495815874,0.9172905848543702,0.7411515385764579
"T=10, dt=0.1",306,True,,0.5358983724332065,1.410716241289221,0.73884519441316,1.2934302774848192
"T=10, dt=0.1",307,True,,2.029741963846204,1.6903189877486862,0.8295797822451716,0.34149522102133856
"T=10, dt=0.1",308,True,,0.7124845659120357,1.961870456343955,0.8283138212448634,0.9728592221119386
"T=10, dt=0.1",309,True,,2.9351870265393543,1.7257020697817862,0.8415619244909274,0.23615094176032117
"T=10, dt=0.1",310,True,,1.2132897614708231,1.6114343876559716,0.8144490320457755,0.5712956645407362
"T=10, dt=0.1",311,True,,1.1169635524920443,1.7828335153352453,0.846144432707285,0.6205638304074227
"T=10, dt=0.1",312,True,,1.1067642136985534,1.0899043740669676,0.8034726554635099,0.6262826101357267
"T=10, dt=0.1",313,True,,1.2731665569279778,1.7953681956610277,0.8660311616252307,0.5444277316178013
"T=10, dt=0.1",314,True,,1.4990858217803833,1.9982844891584362,0.8280188606085075,0.46237991880727136
"T=10, dt=0.1",315,True,,0.5954712810824656,1.184562827308789,0.8632047463371882,1.1640312515154745
"T=10, dt=0.1",316,True,,0.862923369549356,1.696043522878582,0.7122561841767567,0.8032546168287541
"T=10, dt=0.1",317,True,,1.037799567305355,1.8090228801368082,0.8270767140517291,0.667900818613464
"T=10, dt=0.1",318,True,,0.7927423892099267,1.3440350378197545,0.8512571451490509,0.8743662380042004
"T=10, dt=0.1",319,True,,0.5224303500845088,1.7553187551069898,0.7619794033681986,1.3267743354646628
"T=10, dt=0.1",320,True,,1.9443560821020693,0.8861233962412017,0.7627431009532674,0.35649189309530926
"T=10, dt=0.1",321,True,,0.6612399539247207,1.225409404736838,0.766614610591259,1.0482536278182264
"T=10, dt=0.1",322,True,,3.638186217146453,1.1152385758457262,0.797902537366442,0.19051998418695648
"T=10, dt=0.1",323,True,,1.5457865186519675,2.005149679914788,0.7969350201302949,0.44841067779813315
"T=10, dt=0.1",324,True,,0.9425211642529798,1.8423078720648285,0.7449986382356342,0.7354181601951798
"T=10, dt=0.1",325,True,,2.3900747335323507,1.2871844076074659,0.8669589579196776,0.29001067240082734
"T=10, dt=0.1",326,True,,0.8831311724534793,1.1421506277784141,0.7246880268696034,0.7848745488558306
"T=10, dt=0.1",327,True,,2.6199173744240265,1.4388357571624146,0.839906742655268,0.26456833613400865
"T=10, dt=0.1",328,True,,0.642426006668604,1.4111187223993678,0.8229235148552252,1.0789525538580909
"T=10, dt=0.1",329,True,,2.6375781441164374,1.4188898269499355,0.8395120511795597,0.26279683205069276
"T=10, dt=0.1",330,True,,1.1264502550438409,1.6609251554035143,0.7896859283098603,0.615337585886532
"T=10, dt=0.1",331,True,,0.3855281106709693,1.4746539949026094,0.7963049519375022,1.7979160568955628
"T=10, dt=0.1",332,True,,0.9147480262588845,1.5699394309437262,0.795821651400324,0.7577465713643162
"T=10, dt=0.1",333,True,,1.4136974082800042,1.361354279865112,0.8356394832818599,0.4903080224241714
"T=10, dt=0.1",334,True,,0.986503049979688,1.7229936614673198,0.8195311656442662,0.7026305499757118
"T=10, dt=0.1",335,True,,1.8401867607912217,2.1600575282445584,0.9205137798801177,0.37667219182791756
"T=10, dt=0.1",336,True,,1.5562399841016405,1.2914042292993873,0.8082219104522956,0.44539864522249334
"T=10, dt=0.1",337,True,,1.465311658554045,1.4218395534126498,0.7844741414822455,0.4730373750277371
"T=10, dt=0.1",338,True,,0.8506339216897008,1.9967181479896903,0.7162818155455362,0.814859556956154
"T=10, dt=0.1",339,True,,0.42510676963087896,0.28548823422481545,0.7945227848849522,1.6305249176855179
"T=10, dt=0.1",340,True,,1.0391016951961856,1.3240187471431952,0.8097693796858195,0.6670638530996497
"T=10, dt=0.1",341,True,,2.020328920886284,1.6237737457919106,0.7782051064205122,0.34308630312329214
"T=10, dt=0.1",342,True,,1.3117813331392363,1.6087811342518772,0.7551185386379035,0.5284014668063375
"T=10, dt=0.1",343,True,,1.0702280801184436,1.4710679730095364,0.8287823496481503,0.6476630481263711
"T=10, dt=0.1",344,True,,0.5823334491333448,1.813483344289792,0.7719833995619715,1.1902925747980277
"T=10, dt=0.1",345,True,,1.1347521184304705,1.3499173980450438,0.742357477250094,0.6108357669502922
"T=10, dt=0.1",346,True,,1.4914141396505805,2.0368574560308694,0.772359843291776,0.4647583539219636
"T=10, dt=0.1",347,True,,1.0354892221400933,0.7564932142939281,0.8448984921074494,0.6693910141598443
"T=10, dt=0.1",348,True,,0.3793819675751567,0.7930740510147904,0.7755659071485134,1.8270430326202334
"T=10, dt=0.1",349,True,,0.4912875888195626,1.1590676357556133,0.7527457616942452,1.4108786713407502
"T=10, dt=0.1",350,True,,1.2577862422487147,1.1294314767645817,0.7237430981313471,0.5510850391563452
"T=10, dt=0.1",351,True,,0.7734814689368149,1.1032061360559517,0.8959441145889144,0.8961393496766087
"T=10, dt=0.1",352,True,,1.6975287027585835,1.6322747386971517,0.8463488616986387,0.4083272226463921
"T=10, dt=0.1",353,True,,1.68692007084896,1.2682326920214868,0.731046651880041,0.4108950936905456
"T=10, dt=0.1",354,True,,1.2866647532916593,0.5592761589694606,0.8939600448083413,0.5387162264192557
"T=10, dt=0.1",355,True,,0.6155346194809236,1.9084027604890268,0.7196985121755867,1.1260896765554338
"T=10, dt=0.1",356,True,,1.2542198017726403,1.846061131103612,0.8047320855988227,0.552652078670973
"T=10, dt=0.1",357,True,,0.9479268232733277,1.4150977313929058,0.8017607707054036,0.7312243556590248
"T=10, dt=0.1",358,True,,1.1599829209704127,1.0200297194749586,0.842697187858395,0.5975494707974456
"T=10, dt=0.1",359,True,,0.666455678785104,2.0417275318937116,0.7855931730702831,1.0400499277363766
"T=10, dt=0.1",360,True,,1.174000489976758,1.2942991301864937,0.8503792666385446,0.5904147285097536
"T=10, dt=0.1",361,True,,1.6757507038724917,1.8789438450076112,0.9400216153039769,0.4136338292791116
"T=10, dt=0.1",362,True,,2.571120644577569,1.7298466443217748,0.9331213906712716,0.26958952004907893
"T=10, dt=0.1",363,True,,0.6921189935022138,1.1206755439641456,0.7411894542926187,1.0014855639960532
"T=10, dt=0.1",364,True,,1.7790387329966784,0.6518250082296582,0.7248083512464771,0.3896189372967629
"T=10, dt=0.1",365,True,,1.1797227969469892,0.9892012978051984,0.7312412518534751,0.5875508910684311
"T=10, dt=0.1",366,True,,1.0270689057933424,1.3572187521082104,0.8752607389043667,0.6748789459501114
"T=10, dt=0.1",367,True,,1.0130186987393535,1.9142678598408864,0.7724037179902498,0.6842392755657217
"T=10, dt=0.1",368,True,,1.0571629834498015,1.9029739827253058,0.8873945334754132,0.6556672825395601
"T=10, dt=0.1",369,True,,0.4422957378352247,1.258136962363836,0.8035576165404497,1.567157721104186
"T=10, dt=0.1",370,True,,1.1356792665330302,1.3308556869874866,0.7435107326534864,0.6103370916297218
"T=10, dt=0.1",371,True,,0.5251016864992061,1.2518763380371616,0.715211429985013,1.3200246702330736
"T=10, dt=0.1",372,True,,0.42741180684324875,1.4322423351821902,0.7406913137596965,1.6217314764403636
"T=10, dt=0.1",373,True,,1.2855168490036089,1.195792594790504,0.7096394144870607,0.5391972739191997
"T=10, dt=0.1",374,True,,0.8352429525055775,1.538196068484086,0.8213600960255674,0.8298749225966282
"T=10, dt=0.1",375,True,,1.1441785825047948,1.6973277851781687,0.7586891372985144,0.6058033170333711
"T=10, dt=0.1",376,True,,0.6298621511817133,0.9088185548719677,0.9068109486397097,1.1004744121543104
"T=10, dt=0.1",377,True,,1.5179794124065862,1.2396983026495214,0.8904376128689151,0.45662488891139713
"T=10, dt=0.1",378,True,,1.1241173901807677,1.099768950657639,0.8449674854167215,0.6166145872438477
"T=10, dt=0.1",379,True,,1.1013179978824266,1.3525678474594784,0.7989878582677947,0.6293796904188463
"T=10, dt=0.1",380,True,,1.364895652279408,1.5229285955280494,0.8384901701408297,0.5078389541371702
"T=10, dt=0.1",381,True,,0.9188352503631247,1.645316495084895,0.7702004601426585,0.7543759126415891
"T=10, dt=0.1",382,True,,0.6122284942547209,1.6109806456759321,0.8543260718094221,1.1321707288448384
"T=10, dt=0.1",383,True,,1.7163324647288185,1.17267585184277,0.811192678484842,0.40385367917017345
"T=10, dt=0.1",384,True,,1.6050900513879187,1.2789810035960607,0.8271793151793717,0.4318431728865194
"T=10, dt=0.1",385,True,,1.0324748132928914,1.2905994721263623,0.8746252352688325,0.6713453651709701
"T=10, dt=0.1",386,True,,0.5795496670011948,1.7513656769691877,0.7377352172145397,1.1960099712360222
"T=10, dt=0.1",387,True,,0.8190685548656601,1.2247893324310999,0.7557547268669834,0.8462627168902024
"T=10, dt=0.1",388,True,,1.5450283012114447,1.5770012410935537,0.7521016333427064,0.4486307338295706
"T=10, dt=0.1",389,True,,0.7276853558915362,1.6951186713019102,0.7899401809732705,0.9525369377685554
"T=10, dt=0.1",390,True,,0.9424250671295079,1.5148656134875875,0.8094891917294863,0.7354931492550093
"T=10, dt=0.1",391,True,,0.37425607467997296,1.005385423503716,0.8771486433800645,1.852066612820264
"T=10, dt=0.1",392,True,,1.2712000249128101,2.068161166197251,0.8860465502878174,0.5452699551413928
"T=10, dt=0.1",393,True,,0.9842089229615495,1.397192662886408,0.880319894737506,0.7042683361112189
"T=10, dt=0.1",394,True,,0.44502623414079073,1.4606386538601694,0.8058017473572442,1.557542291631863
"T=10, dt=0.1",395,True,,1.212716857844491,1.7717586823252593,0.804263776729795,0.5715655522361255
"T=10, dt=0.1",396,True,,0.600022707826802,1.4463198473636174,0.7436719890908201,1.1552015807375475
"T=10, dt=0.1",397,True,,1.5675086848080346,1.7661793424006094,0.7348129314113536,0.4421967082401408
"T=10, dt=0.1",398,True,,1.3622823853476658,1.6882700618859232,0.7907672104177718,0.5088131418384657
"T=10, dt=0.1",399,True,,1.0119891555442388,1.9413262218893492,0.9000369466072393,0.68493538370693
"T=10, dt=0.1",400,True,,1.4722668692994618,1.5795643013523342,0.7872399891063837,0.47080267512218116
"T=10, dt=0.1",401,True,,2.7374529467013646,2.183449988377789,0.7967482440235087,0.2532088017787443
"T=10, dt=0.1",402,True,,0.9895414732882696,1.8565109402005542,0.7682101139902547,0.7004730971574147
"T=10, dt=0.1",403,True,,1.0975384106410564,1.358065331353787,0.8126362258737544,0.6315470819422967
"T=10, dt=0.1",404,True,,1.2433730796750515,2.0019315677074205,0.878292666367923,0.5574732088787827
"T=10, dt=0.1",405,True,,0.9245384186314339,1.0072237903377539,0.8446698371750002,0.7497224199573987
"T=10, dt=0.1",406,True,,0.7052245075017364,1.1645979030770408,0.7851630856722132,0.9828744934225625
"T=10, dt=0.1",407,True,,1.0912805804316754,1.6985859819926512,0.8253616775743433,0.6351686202330831
"T=10, dt=0.1",408,True,,1.5106870319976355,1.3003127090545212,0.7577088664754443,0.458829106147401
"T=10, dt=0.1",409,True,,1.262366867501898,1.2102216802329477,0.7497985662957026,0.5490853716175367
"T=10, dt=0.1",410,True,,2.056656902307778,1.2110850365861052,0.8004523532540658,0.33702616113663086
"T=10, dt=0.1",411,True,,1.4289219861407056,1.1279506764990832,0.819372203712214,0.48508399148649617
"T=10, dt=0.1",412,True,,0.6526885141601997,1.410247905279164,0.8273896775062779,1.0619877100975232
"T=10, dt=0.1",413,True,,1.519508519935972,1.2600271911413312,0.8476502506326536,0.45616537944068436
"T=10, dt=0.1",414,True,,2.6008973862968108,2.032826268887079,0.8652633550293067,0.26650308628548264
"T=10, dt=0.1",415,True,,1.2525753741397105,1.869670671834691,0.8348393558382867,0.553377620916434
"T=10, dt=0.1",416,True,,0.7334750724458974,1.6682422291841397,0.8980447121064085,0.9450180471008076
"T=10, dt=0.1",417,True,,1.9786257397226592,1.9306007556730143,0.8227487519113583,0.35031747876538927
"T=10, dt=0.1",418,True,,0.736156872528323,1.620465118056533,0.7395461176421145,0.9415753712647397
"T=10, dt=0.1",419,True,,3.390124633085011,1.5676038050162189,0.9151450795325643,0.20446067787460126
"T=10, dt=0.1",420,True,,1.216321858914316,0.8851569533958218,0.7178705468050631,0.5698715150763184
"T=10, dt=0.1",421,True,,1.37856768691832,0.557311177769675,0.8739879069476805,0.5028024283010879
"T=10, dt=0.1",422,True,,1.3452559343306814,1.0962735856225487,0.7910915540365766,0.5152530183074894
"T=10, dt=0.1",423,True,,2.2121977936041137,1.2030100253132117,0.7959489392843453,0.3133296591127458
"T=10, dt=0.1",424,True,,1.2771489871255652,1.543326664723492,0.8443463299907286,0.5427300867379518
"T=10, dt=0.1",425,True,,0.9546821498891037,1.6785964032155987,0.7244492612166133,0.7260502153941619
"T=10, dt=0.1",426,True,,1.7039630448632355,1.3028908197671263,0.7911544154453758,0.40678533648338544
"T=10, dt=0.1",427,True,,0.6449735383113117,1.4788284262302271,0.8204211726319764,1.0746908816984388
"T=10, dt=0.1",428,True,,0.8638898526014391,1.8907470499549024,0.795351438950177,0.80235596988744
"T=10, dt=0.1",429,True,,1.2206374112429585,0.9545047544353389,0.9225629578179065,0.5678567395817591
"T=10, dt=0.1",430,True,,0.9027298599600059,1.2050074237177912,0.8125379322104956,0.7678345552795319
"T=10, dt=0.1",431,True,,1.1243085836238014,1.0596314142574046,0.8839234570440447,0.616509729318117
"T=10, dt=0.1",432,True,,1.457042172598882,1.8916430184227613,0.8386284551536604,0.4757221126438637
"T=10, dt=0.1",433,True,,1.6630183991790728,1.1648887299531896,0.8594030743019432,0.41680066853265624
"T=10, dt=0.1",434,True,,1.2240284642316153,1.7836165756203952,0.8242388476212191,0.5662835471682179
"T=10, dt=0.1",435,True,,3.502454199707712,1.7783198203879236,0.9388739907892947,0.197903281823868
"T=10, dt=0.1",436,True,,1.4613305777403434,0.8897889220938525,0.9341265713724108,0.4743260636014059
"T=10, dt=0.1",437,True,,1.854952372354705,1.3914109895769227,0.8716712676484019,0.3736738424610081
"T=10, dt=0.1",438,True,,0.7978584948302064,1.6944760547099407,0.7849614133115072,0.8687595420130922
"T=10, dt=0.1",439,True,,1.304002705282971,1.185824244242304,0.8357853161770773,0.5315534835562562
"T=10, dt=0.1",440,True,,1.7300492018998708,1.706082530906946,0.766975551856111,0.4006517154533864
"T=10, dt=0.1",441,True,,0.701536941151845,2.0095858939303053,0.8416408741268883,0.9880408855189797
"T=10, dt=0.1",442,True,,1.546187116063143,1.1600411056456958,0.76671673839328,0.4482945002961974
"T=10, dt=0.1",443,True,,1.417131978682571,2.1637619853552548,0.8087233808648278,0.48911970866984866
"T=10, dt=0.1",444,True,,1.34616089876784,0.8348899334942764,0.7888765890179178,0.5149066364907736
"T=10, dt=0.1",445,True,,1.0890694854648815,2.0440992050480777,0.8040875067563428,0.6364581781152997
"T=10, dt=0.1",446,True,,3.3650895435745034,1.224438231395384,0.8698637726021686,0.20598179382283618
"T=10, dt=0.1",447,True,,0.7922247195445404,0.8561821592503749,0.8779832507358116,0.8749375820517744
"T=10, dt=0.1",448,True,,2.2204536372470307,1.275809070888413,0.7943028984381789,0.3121646716385959
"T=10, dt=0.1",449,True,,1.4066952159810668,1.734506601206369,0.8563489912234113,0.49274865847647453
"T=10, dt=0.1",450,True,,0.8257667945327813,1.587349044010995,0.8715863614230445,0.8393982237468482
"T=10, dt=0.1",451,True,,1.54859498390297,1.2441238089127915,0.8310251596930481,0.44759745948097146
"T=10, dt=0.1",452,True,,0.9408947003016338,1.8377238702255243,0.7076347495721103,0.7366894301112917
"T=10, dt=0.1",453,True,,1.229910229865818,1.6822123659485688,0.7387831452425372,0.563575425041848
"T=10, dt=0.1",454,True,,1.252808416863888,1.2878290037763247,0.7945404401678542,0.5532746836863346
"T=10, dt=0.1",455,True,,1.32841627394372,1.343402856240718,0.8154196786307261,0.521784619893411
"T=10, dt=0.1",456,True,,1.309396741261369,1.6456331227163847,0.8067888157474126,0.5293637586818968
"T=10, dt=0.1",457,True,,0.6600307627264853,0.7499453605153767,0.6598906823841869,1.0501740520345766
"T=10, dt=0.1",458,True,,2.3823732922831495,1.763347433442909,0.8809813300885552,0.29094818297583713
"T=10, dt=0.1",459,True,,0.8410396645035746,1.9844637852758549,0.8751679461875111,0.8241551615393512
"T=10, dt=0.1",460,True,,0.8015339241037153,1.2971428061836052,0.763566432939542,0.8647758500490552
"T=10, dt=0.1",461,True,,0.258225370375843,1.2837545162558208,0.793330443898988,2.684272190416768
"T=10, dt=0.1",462,True,,1.0451023438844533,1.56044040773665,0.7272377504895725,0.6632337824290438
"T=10, dt=0.1",463,True,,0.6960075024697102,1.2966153305168708,0.749273666671124,0.9958903863828833
"T=10, dt=0.1",464,True,,0.8407915191250096,1.4993339279876974,0.7672727661182089,0.8243983969787017
"T=10, dt=0.1",465,True,,1.0659794817444415,1.113196338375959,0.7764852277886084,0.6502443925333647
"T=10, dt=0.1",466,True,,0.8618026107416555,2.0412196056532435,0.7697709430173363,0.8042992350225445
"T=10, dt=0.1",467,True,,1.0621570342348972,2.024158609789067,0.8094075369071572,0.6525844655910409
"T=10, dt=0.1",468,True,,4.995681514857176,1.4679272379800177,0.954607944374545,0.1387492734471809
"T=10, dt=0.1",469,True,,1.3919343890507612,1.11252478865466,0.8005971141383094,0.4979740324058245
"T=10, dt=0.1",470,True,,1.6038314954938817,1.5802394637060833,0.9049703499632792,0.43218204811877603
"T=10, dt=0.1",471,True,,1.2736665417424087,1.6297912049431569,0.8454227875724295,0.5442140135138528
"T=10, dt=0.1",472,True,,1.069216218000929,1.1702123331336638,0.8738022988121282,0.648275969715363
"T=10, dt=0.1",473,True,,0.5658391650051028,1.3407544392270863,0.8753412386210077,1.22498975579694
"T=10, dt=0.1",474,True,,1.8450921165931355,1.4692280272775715,0.8904694094780422,0.3756707723838768
"T=10, dt=0.1",475,True,,0.9612520227456234,1.0400660065759966,0.7137136972563881,0.721087877225069
"T=10, dt=0.1",476,True,,0.8500648406275715,1.4743408278521453,0.7730751269911871,0.8154050696276537
"T=10, dt=0.1",477,True,,1.0753279862104408,1.8858950968466484,0.9501381977780184,0.6445914078760868
"T=10, dt=0.1",478,True,,1.3309972952651339,1.8830707246333076,0.7352501782782652,0.5207727942241015
"T=10, dt=0.1",479,True,,0.36928629228028115,1.9691671763574219,0.786971730274357,1.8769913615798661
"T=10, dt=0.1",480,True,,0.6917048765075591,2.2481552319552387,0.8391574180942293,1.0020851436810283
"T=10, dt=0.1",481,True,,0.9905759543670228,1.2626132490063016,0.7774114120051905,0.6997415771139587
"T=10, dt=0.1",482,True,,0.619840574981105,1.0429392403274567,0.8116789508583907,1.1182668714145971
"T=10, dt=0.1",483,True,,0.3979932801083057,1.5623049009216592,0.806621892337407,1.741605236076648
"T=10, dt=0.1",484,True,,0.5669655390723924,1.7482679563938004,0.7056766979159735,1.222556104016476
"T=10, dt=0.1",485,True,,1.06814461958838,1.3638304496446048,0.868603587359084,0.6489263418534621
"T=10, dt=0.1",486,True,,0.6189821113413576,1.5252329587611846,0.8802928497630143,1.1198177909501603
"T=10, dt=0.1",487,True,,1.7631836745380087,1.689452220924793,0.8229572197837741,0.3931225036674438
"T=10, dt=0.1",488,True,,1.2081911334767805,1.9009863846208928,0.7850704956908907,0.5737065612833074
"T=10, dt=0.1",489,True,,1.0517245571116514,1.2685730767774817,0.7653129148136498,0.6590577122811829
"T=10, dt=0.1",490,True,,2.3022995879615578,1.727082047583304,0.795730312969894,0.301067325983259
"T=10, dt=0.1",491,True,,2.0046716029011393,1.767134771563618,0.8594539867859643,0.3457659496731685
"T=10, dt=0.1",492,True,,1.2786566738056853,1.3528788516907966,0.828625819474104,0.5420901441017164
"T=10, dt=0.1",493,True,,1.246452697438898,2.4865821631320326,0.8799196736410391,0.5560958566531754
"T=10, dt=0.1",494,True,,3.9939088500670854,1.7650871535921748,0.7480995558310138,0.17355107654705304
"T=10, dt=0.1",495,True,,2.1484286042904275,1.3321837678456783,0.7851459549377054,0.32262984172512194
"T=10, dt=0.1",496,True,,0.8717542464624595,1.6795193395350003,0.9038095408344146,0.7951176416664515
"T=10, dt=0.1",497,True,,1.99882557719271,1.830720577396703,0.8662768574468298,0.3467772218191492
"T=10, dt=0.1",498,True,,0.8491330546115845,1.6120340282455756,0.7503212546305285,0.8162998446421437
"T=10, dt=0.1",499,True,,0.5566072569546132,1.5493201218585098,0.9146614227870022,1.245307480093573
"T=30, dt=0.1",0,True,,0.7310927820048798,1.3091969721756973,0.7858549705372094,0.9480974202195294
"T=30, dt=0.1",1,True,,0.612005790927433,1.587054479779416,0.8020475022534282,1.132582715450373
"T=30, dt=0.1",2,True,,1.0492063570539039,1.5948785781581847,0.8455813343392995,0.6606395166211657
"T=30, dt=0.1",3,True,,0.7773429751718092,1.4629829796309874,0.8155453533145307,0.8916877140450715
"T=30, dt=0.1",4,True,,0.91013361696349,1.47916822412148,0.8237791813849884,0.7615883730045221
"T=30, dt=0.1",5,True,,0.6787711070233479,1.005399360877219,0.8049185586191321,1.0211795602197058
"T=30, dt=0.1",6,True,,0.7730821130359469,1.9838273750380924,0.8323598614348371,0.8966022740299971
"T=30, dt=0.1",7,True,,1.0635823794593608,1.3534323845914424,0.8190937704308795,0.6517099135398287
"T=30, dt=0.1",8,True,,0.7608031053342841,1.162875764854828,0.8400340892205164,0.9110730170526684
"T=30, dt=0.1",9,True,,1.3951812833453017,1.444150608365155,0.7877528684515198,0.49681513709669956
"T=30, dt=0.1",10,True,,1.1845242877124174,1.7836501233800381,0.8271920638772166,0.5851692428346643
"T=30, dt=0.1",11,True,,0.6544641460354158,1.3755328710527897,0.8667684092767054,1.0591064228023213
"T=30, dt=0.1",12,True,,0.540912330565881,1.4028154830976745,0.8370338126281303,1.2814408941922295
"T=30, dt=0.1",13,True,,0.7613890115081187,1.465285161984759,0.8103187052236105,0.9103719256297073
"T=30, dt=0.1",14,True,,0.815883707389027,1.5916522157051605,0.8205624719728976,0.8495661505217937
"T=30, dt=0.1",15,True,,0.5929957342262578,1.5936269575586894,0.8285139064690744,1.168890669111415
"T=30, dt=0.1",16,True,,1.09758020543072,1.9939669326963225,0.8226096627374575,0.6315230332419631
"T=30, dt=0.1",17,True,,0.824131749313088,1.5061006609844574,0.9007508001863024,0.8410635570558737
"T=30, dt=0.1",18,True,,0.5248019889538569,1.3862026503557483,0.7791255972700436,1.3207784938880827
"T=30, dt=0.1",19,True,,0.7226053212443996,1.565770913001228,0.7217171338559685,0.9592334296214088
"T=30, dt=0.1",20,True,,1.2094221134943248,1.6721880383312848,0.8394989318759792,0.573122628423974
"T=30, dt=0.1",21,True,,0.9504175327080663,1.2885272304729427,0.7847693406491641,0.7293080742996509
"T=30, dt=0.1",22,True,,0.7235597385288131,1.2797380544351842,0.8428479424843438,0.9579681450619344
"T=30, dt=0.1",23,True,,0.9452799655267599,1.8021480458181074,0.7971509517603388,0.7332718409764319
"T=30, dt=0.1",24,True,,0.8776717702311305,1.4335612299493736,0.8570349817377176,0.7897567223535154
"T=30, dt=0.1",25,True,,0.6546899162320261,1.6209408750681518,0.7952388188444106,1.058741189339305
"T=30, dt=0.1",26,True,,0.7573827717998084,1.6268495556851548,0.7631950411863594,0.9151874143014678
"T=30, dt=0.1",27,True,,0.5026990801861461,1.291858792442435,0.7212963405745874,1.3788511017431693
"T=30, dt=0.1",28,True,,1.1654732238912089,1.2357890895838595,0.8530310182853305,0.5947345390275969
"T=30, dt=0.1",29,True,,0.8664203390787073,1.4533511711909057,0.7676244724755173,0.8000125912290922
"T=30, dt=0.1",30,True,,0.5888458088593103,1.330736563969732,0.7962076513065869,1.1771284946439267
"T=30, dt=0.1",31,True,,0.9583449172692905,1.8814611139147608,0.8294000994902944,0.7232752718457567
"T=30, dt=0.1",32,True,,0.9231066763144763,1.4005531971309386,0.8104165589858743,0.7508852425673603
"T=30, dt=0.1",33,True,,1.123057210983197,1.245580964807881,0.7296375773354555,0.6171966786563966
"T=30, dt=0.1",34,True,,0.7410851679602607,1.7856872545797915,0.8263409154555518,0.9353137945908991
"T=30, dt=0.1",35,True,,1.0056711206371034,1.4488843309498793,0.7850005118722533,0.6892384262966894
"T=30, dt=0.1",36,True,,0.9707053634171623,1.8067205321484299,0.8181188283407359,0.7140654689697682
"T=30, dt=0.1",37,True,,0.9400913653213046,1.2115513510384162,0.8251353285283004,0.737318952315918
"T=30, dt=0.1",38,True,,0.48736465470925616,1.0617334937214333,0.7681792288417023,1.4222352274878272
"T=30, dt=0.1",39,True,,0.5655069547830124,1.3723652258786687,0.7911016809298504,1.225709382877367
"T=30, dt=0.1",40,True,,0.5244854573479099,1.6406746960061889,0.727584756175954,1.3215755953747181
"T=30, dt=0.1",41,True,,0.8291740208546596,1.598653164254505,0.8156204604072517,0.8359489843223663
"T=30, dt=0.1",42,True,,1.8250169087628814,1.4459135448153788,0.887176232944487,0.3798031553744929
"T=30, dt=0.1",43,True,,0.6576090015809485,1.2811918551441532,0.7398959690034438,1.0540415032238915
"T=30, dt=0.1",44,True,,0.7376113127405732,1.601666276970687,0.7664075051267374,0.9397187496821019
"T=30, dt=0.1",45,True,,1.2724919382947466,1.5178729552107895,0.8079130935258804,0.5447163629883776
"T=30, dt=0.1",46,True,,1.370924697769367,1.6856616557678938,0.8252948138434335,0.5056055826317564
"T=30, dt=0.1",47,True,,0.7682506915582258,1.2367212785631683,0.8221073548589491,0.9022408807131046
"T=30, dt=0.1",48,True,,1.0151458024045612,1.6144867366213074,0.8016575649667549,0.6828055427290322
"T=30, dt=0.1",49,True,,0.867121849196002,1.4096297745871116,0.8208129040144078,0.7993653731625301
"T=30, dt=0.1",50,True,,0.9711160978559616,1.6322555499648783,0.7797395833950007,0.7137634543287682
"T=30, dt=0.1",51,True,,0.7957704201579064,1.5595822890739655,0.7885578395159538,0.8710391376729014
"T=30, dt=0.1",52,True,,0.6991477766868099,1.3710476426213654,0.8130856813760191,0.9914172706730173
"T=30, dt=0.1",53,True,,1.2880160499528122,1.3383534533871968,0.8468015602843345,0.5381510429045814
"T=30, dt=0.1",54,True,,0.7213924046943122,1.6137497928853328,0.762131709885831,0.9608462413097685
"T=30, dt=0.1",55,True,,0.4899517032832247,0.9937919444313681,0.8254202557207865,1.414725524812106
"T=30, dt=0.1",56,True,,1.10519654843562,1.1710406983658812,0.8131394449175686,0.6271709602613933
"T=30, dt=0.1",57,True,,1.0631114796766776,1.2970436220882997,0.8597680271249799,0.6519985851067576
"T=30, dt=0.1",58,True,,1.1359892071879256,1.5699354742411271,0.833698516111973,0.6101705686762555
"T=30, dt=0.1",59,True,,0.5707666675964683,1.8934938469762301,0.8059044232638944,1.214414260522305
"T=30, dt=0.1",60,True,,0.7531247502109253,1.7414363378702067,0.8166243309421237,0.9203617068298682
"T=30, dt=0.1",61,True,,1.2616497013853833,1.6388113426463868,0.8070322047767213,0.5493974910776098
"T=30, dt=0.1",62,True,,0.9820430415846291,1.2588320996618594,0.8281792646590592,0.7058215894911081
"T=30, dt=0.1",63,True,,0.6417452842552487,1.377520296348843,0.7822976557475372,1.0800970378213983
"T=30, dt=0.1",64,True,,0.6896248282282025,1.7725508383794362,0.8516890110458977,1.0051076356122393
"T=30, dt=0.1",65,True,,0.7485126071783182,1.4067201587783358,0.8361710655665029,0.9260327400134447
"T=30, dt=0.1",66,True,,0.5642698688503087,1.4193341593600686,0.8049409121965,1.2283965861445378
"T=30, dt=0.1",67,True,,0.9626788525890273,1.613355573865267,0.8007137825080574,0.7200191202868912
"T=30, dt=0.1",68,True,,1.617077177815464,1.688184662402925,0.8114986334954292,0.42864199066635095
"T=30, dt=0.1",69,True,,0.9322172302769014,1.5887831515660007,0.7959377896851715,0.7435468451425813
"T=30, dt=0.1",70,True,,0.7522165123175092,1.4789223950677115,0.7876811860381695,0.9214729658412087
"T=30, dt=0.1",71,True,,0.9248134108435325,1.5133936945885813,0.8393261074288677,0.749499490851585
"T=30, dt=0.1",72,True,,0.730585247852135,1.3471499394656248,0.8336507421921846,0.9487560590605206
"T=30, dt=0.1",73,True,,0.6239490101372405,1.6825868856768644,0.7790672850590229,1.1109035663146325
"T=30, dt=0.1",74,True,,0.7013130197230982,1.582106052136386,0.7705011191385551,0.9883563559587456
"T=30, dt=0.1",75,True,,0.9545343185456279,1.2441334861835676,0.7971772206217485,0.7261626607789817
"T=30, dt=0.1",76,True,,0.7339100910300406,1.8305634925459444,0.7965029389247174,0.9444578961806007
"T=30, dt=0.1",77,True,,0.6020000623091001,1.2605724691781095,0.7667456743160251,1.1514071575029925
"T=30, dt=0.1",78,True,,0.5298421962486664,1.45085732471277,0.7810211004025849,1.3082143805598987
"T=30, dt=0.1",79,True,,0.7099991437300259,1.6445878412712402,0.7943128189760057,0.97626481198055
"T=30, dt=0.1",80,True,,1.2350882482021437,1.7382111839507417,0.7266522038311507,0.5612126757492228
"T=30, dt=0.1",81,True,,1.065053070169627,1.3616934228183286,0.801906090810532,0.6508099924537566
"T=30, dt=0.1",82,True,,0.7527497134443568,1.1058392731088136,0.7593349507489205,0.920820251645546
"T=30, dt=0.1",83,True,,0.9896661840165408,1.7492499676011788,0.7448460133686903,0.7003848284952215
"T=30, dt=0.1",84,True,,0.7132654131646178,1.6142324627445146,0.7664324132860295,0.9717941845582952
"T=30, dt=0.1",85,True,,0.7480092997969815,1.468327203287064,0.8217998727114729,0.926655832685601
"T=30, dt=0.1",86,True,,0.7947040541205574,1.4476651959543105,0.823643437706864,0.8722079332123227
"T=30, dt=0.1",87,True,,0.8004946546592201,1.6912603706006117,0.8477762660921355,0.8658985747444199
"T=30, dt=0.1",88,True,,1.582266040296986,1.7231167746430336,0.8128292489050332,0.4380724624727735
"T=30, dt=0.1",89,True,,1.3060722515927163,1.9140180771143078,0.8699152233333276,0.5307112066079598
"T=30, dt=0.1",90,True,,0.4699575662096287,1.5813120143327315,0.7759894624217809,1.4749143973793601
"T=30, dt=0.1",91,True,,0.590979602471225,1.459571143742057,0.8390923314157978,1.1728783492044377
"T=30, dt=0.1",92,True,,0.5327914818089465,1.5524107058210932,0.8163758577388542,1.3009727148913026
"T=30, dt=0.1",93,True,,0.490034943167913,1.3436186338472333,0.76902619398974,1.4144852121748281
"T=30, dt=0.1",94,True,,1.20425069110861,1.3022485975249092,0.7959187483409755,0.5755837930405067
"T=30, dt=0.1",95,True,,1.2325987186326122,1.2906050635688044,0.7719339184345296,0.562346179727406
"T=30, dt=0.1",96,True,,0.9341029973683742,1.8373273211627283,0.836254954028044,0.7420457728031407
"T=30, dt=0.1",97,True,,0.7201130980319448,1.5335744111268599,0.8030768507623339,0.9625532190072686
"T=30, dt=0.1",98,True,,0.6249618819778213,1.6934408994597936,0.8006775037591791,1.109103131804355
"T=30, dt=0.1",99,True,,1.300072437962575,1.8041264927900276,0.8104248399919716,0.5331604303881864
"T=30, dt=0.1",100,True,,0.49903690956942914,1.4090213442881983,0.7817854105386509,1.3889697681039168
"T=30, dt=0.1",101,True,,0.7432050151396226,1.6742557623861845,0.7752909890242585,0.9326459946314098
"T=30, dt=0.1",102,True,,1.11291939902528,1.5959394537825569,0.8540654393648266,0.6228188502842338
"T=30, dt=0.1",103,True,,1.5500364213788491,1.8525213781480638,0.8179892662882666,0.4471812216795202
"T=30, dt=0.1",104,True,,0.773414178102107,1.2916480324229256,0.8131645751558793,0.8962173182044191
"T=30, dt=0.1",105,True,,0.9634479586073819,1.961864419153516,0.7521076733959337,0.7194443398498208
"T=30, dt=0.1",106,True,,0.6030844802900448,1.2175950465422811,0.767704467744537,1.1493367898085955
"T=30, dt=0.1",107,True,,0.638299743250895,1.6488085130410772,0.7703372684412754,1.0859273999229724
"T=30, dt=0.1",108,True,,0.8890688435829616,1.7590458880063145,0.8386539881722911,0.7796327422368678
"T=30, dt=0.1",109,True,,0.9543886369489211,1.3404945992181534,0.7927268869396359,0.7262735050742674
"T=30, dt=0.1",110,True,,0.8340182539293054,1.6800827486628416,0.7975660669993959,0.8310935369751501
"T=30, dt=0.1",111,True,,0.8249125493012291,1.3179646834773573,0.7943198613237219,0.8402674697422166
"T=30, dt=0.1",112,True,,0.864102171329551,1.1867771718391265,0.7893260147246086,0.8021588228316036
"T=30, dt=0.1",113,True,,0.6976129052270154,1.547363892630965,0.757801589271304,0.993598563567833
"T=30, dt=0.1",114,True,,0.9595781631479126,1.438862088231661,0.7915547605753814,0.7223457214637566
"T=30, dt=0.1",115,True,,0.7551196105459699,1.487811120038048,0.7959436124643052,0.9179303131311647
"T=30, dt=0.1",116,True,,1.3543080996230776,1.4777317879731136,0.8235373758691639,0.5118090785640709
"T=30, dt=0.1",117,True,,0.36966319440060486,1.6093092393583805,0.7928115717526119,1.875077614053132
"T=30, dt=0.1",118,True,,1.0192191498444003,1.1484932419118876,0.7764569823370692,0.6800766848481654
"T=30, dt=0.1",119,True,,1.0221532235495532,1.613600958741949,0.7947923132920182,0.6781245361169104
"T=30, dt=0.1",120,True,,0.8098607935246112,1.402149760334801,0.7709528908488998,0.8558843521036322
"T=30, dt=0.1",121,True,,0.8197673195123785,1.5679010232344028,0.8377220868885334,0.8455413677288934
"T=30, dt=0.1",122,True,,0.6511875259742717,1.4228228718875535,0.7911261433327177,1.064435593299942
"T=30, dt=0.1",123,True,,0.3808689060674859,2.008932702457922,0.7798251865292749,1.819910130540105
"T=30, dt=0.1",124,True,,0.7015411732878338,1.1138340218821066,0.8109156795835782,0.9880349250371873
"T=30, dt=0.1",125,True,,0.5805324355093484,1.3480214400404553,0.7879819958088058,1.1939852765535672
"T=30, dt=0.1",126,True,,0.6534308709420584,1.5652942155334195,0.7314441443744706,1.0607811956613367
"T=30, dt=0.1",127,True,,0.9295065554544474,1.5121319653342653,0.8375662824437207,0.7457152146937328
"T=30, dt=0.1",128,True,,0.7902767841937309,1.363701999307509,0.8168133674992113,0.8770941958862163
"T=30, dt=0.1",129,True,,0.8331124875832044,1.8616532809389639,0.8009168209593687,0.8319971083025202
"T=30, dt=0.1",130,True,,1.431455263573936,1.8326436494384901,0.7684592607928726,0.48422552782359
"T=30, dt=0.1",131,True,,0.799845000809999,1.6380097981958672,0.8326158641550097,0.8666018789365423
"T=30, dt=0.1",132,True,,0.6928849155374106,1.7020179752091609,0.8093732559296107,1.00037851166428
"T=30, dt=0.1",133,True,,1.205542610570386,1.5918616763901547,0.8154552999026404,0.5749669688008724
"T=30, dt=0.1",134,True,,0.6744654251288342,1.3880182142379789,0.72910916827117,1.0276986109814932
"T=30, dt=0.1",135,True,,0.9211198179983526,1.7395078318884258,0.8181666626153492,0.7525049043741071
"T=30, dt=0.1",136,True,,0.5385257446785171,1.1749430172786015,0.8820369702779044,1.2871198590027155
"T=30, dt=0.1",137,True,,1.0675312233214609,1.7554704972046034,0.8427026481349191,0.6492992105685896
"T=30, dt=0.1",138,True,,0.5066976699347927,1.3782667831702604,0.8206587638140869,1.3679699388575182
"T=30, dt=0.1",139,True,,1.1190409923535427,1.5404123209905187,0.8221279960800155,0.6194117867855164
"T=30, dt=0.1",140,True,,1.0477537281412848,1.7760301297035033,0.8013035930800507,0.6615554418399335
"T=30, dt=0.1",141,True,,0.9869028657421437,1.2706041459943829,0.8020731454699451,0.7023458990958585
"T=30, dt=0.1",142,True,,1.0173508182202928,1.693433530192516,0.8321388226275188,0.6813256235174661
"T=30, dt=0.1",143,True,,0.6259619681066804,1.4311535443359864,0.8257422777895772,1.1073311413095543
"T=30, dt=0.1",144,True,,1.41206538927295,1.7238139576718456,0.7618194523750664,0.4908747044050387
"T=30, dt=0.1",145,True,,1.0035842964478743,1.3655224378020696,0.8154138205379539,0.6906716087659978
"T=30, dt=0.1",146,True,,1.1391003298745945,1.496850680508554,0.7803138368941904,0.608504064463097
"T=30, dt=0.1",147,True,,0.8471281135138455,1.5121662400737563,0.8160859783540522,0.8182318229114189
"T=30, dt=0.1",148,True,,0.8618743596913077,1.361548817859335,0.7770299381997008,0.8042322790623515
"T=30, dt=0.1",149,True,,0.6307125111685443,1.3429273693848736,0.7449072995638394,1.098990694311305
"T=30, dt=0.1",150,True,,0.5986621542474068,1.1452300493652523,0.7986312239245814,1.157826957395224
"T=30, dt=0.1",151,True,,0.898337657474205,1.1636299216902595,0.783594514006795,0.7715886947329138
"T=30, dt=0.1",152,True,,0.8983976914663119,1.6213378528011089,0.781512588757625,0.7715371345496572
"T=30, dt=0.1",153,True,,1.1152011046461414,1.5518747502245207,0.8580909378300959,0.6215445605928486
"T=30, dt=0.1",154,True,,0.7019884580035829,1.1798765334797392,0.7957873052428523,0.9874053806115535
"T=30, dt=0.1",155,True,,0.39820850229895455,1.4585787419249117,0.7986382443160288,1.740663940016946
"T=30, dt=0.1",156,True,,0.79540489423936,1.283464312496031,0.7489543435390043,0.871439421079747
"T=30, dt=0.1",157,True,,0.7449275061985535,1.0544065094377186,0.8226003002569072,0.930489443324695
"T=30, dt=0.1",158,True,,1.3349997356138306,1.7233667674467739,0.8302040564307772,0.5192114740316689
"T=30, dt=0.1",159,True,,0.7363704880907886,1.2298448488933875,0.8089902471169915,0.9413022273028488
"T=30, dt=0.1",160,True,,0.3887411115439962,1.6931654008558947,0.8011730484118932,1.7830560236011919
"T=30, dt=0.1",161,True,,0.6463255070248233,1.160529303481298,0.7381877497056407,1.072442868223865
"T=30, dt=0.1",162,True,,0.5094120817200045,1.3214955837926723,0.7709872979184812,1.3606806855062572
"T=30, dt=0.1",163,True,,0.9967104954441793,1.46637198551907,0.8193939333772632,0.6954348165572868
"T=30, dt=0.1",164,True,,0.5925255628510914,1.5373878774609469,0.7898098013455259,1.1698181884755938
"T=30, dt=0.1",165,True,,1.133340784946369,1.314111250188618,0.8030184000696478,0.6115964322176456
"T=30, dt=0.1",166,True,,0.5856667268168648,1.648728457853822,0.8607728922721793,1.183518115033175
"T=30, dt=0.1",167,True,,1.0554290859569637,1.540099367166976,0.8184238108823668,0.6567444367249597
"T=30, dt=0.1",168,True,,1.0000234095666718,1.6326985139161272,0.8127951145766938,0.6931309546646498
"T=30, dt=0.1",169,True,,0.970242638820283,1.5466813022005979,0.7594984803548157,0.7144060184808433
"T=30, dt=0.1",170,True,,1.3218634795453688,1.3643947403807377,0.7990090761684386,0.5243712314363513
"T=30, dt=0.1",171,True,,0.5527637224993738,1.1742357749382624,0.7535127734892885,1.2539664821450554
"T=30, dt=0.1",172,True,,1.3460057163608579,1.5063629615258416,0.7760806126251849,0.514966000615495
"T=30, dt=0.1",173,True,,2.2898284390592147,1.897536179317201,0.7832349227859314,0.3027070363597753
"T=30, dt=0.1",174,True,,1.1099535255358228,1.2796255024428203,0.8517238693187272,0.62448306583407
"T=30, dt=0.1",175,True,,0.5045469025928095,1.5382604661426313,0.7799394450639027,1.373801279916575
"T=30, dt=0.1",176,True,,1.0544482362069914,1.386159580253597,0.8385452482835198,0.6573553416460725
"T=30, dt=0.1",177,True,,1.2304569702394947,1.497937316225037,0.8088016557762334,0.563325006338931
"T=30, dt=0.1",178,True,,0.8172118790888733,1.322614271933569,0.8456678779140401,0.8481853951177871
"T=30, dt=0.1",179,True,,0.5122501231752007,1.421764353825311,0.7778407222766146,1.3531420476064462
"T=30, dt=0.1",180,True,,0.5942112258573518,1.5520979125327714,0.8112024740664884,1.1664996391810754
"T=30, dt=0.1",181,True,,0.5916019478180394,1.5026124863479868,0.7959743729453196,1.1716445206382897
"T=30, dt=0.1",182,True,,0.7427907383375965,1.2433305325275266,0.7981775747788304,0.9331661594371033
"T=30, dt=0.1",183,True,,0.7841081789597374,1.609918826315037,0.8253323847791265,0.8839943252212106
"T=30, dt=0.1",184,True,,0.6969861314918716,1.7058135964339796,0.8265746193945323,0.9944920698440453
"T=30, dt=0.1",185,True,,0.45372594088280016,1.496137955959913,0.7445142188344797,1.5276780939862307
"T=30, dt=0.1",186,True,,1.1027963807149792,1.2597108818187772,0.7842113702819788,0.6285359588417901
"T=30, dt=0.1",187,True,,0.7765072720613941,1.1892115594779673,0.7519605730408776,0.8926473782014265
"T=30, dt=0.1",188,True,,0.7102720523146163,1.3327627963456765,0.7943130260217425,0.975889700715571
"T=30, dt=0.1",189,True,,0.8788243722071395,1.9248406487754004,0.781763118740322,0.7887209350135889
"T=30, dt=0.1",190,True,,1.145485294146639,1.4041926032765712,0.8778530955212784,0.6051122472736103
"T=30, dt=0.1",191,True,,0.47286679866757386,1.6262926977848293,0.7478576995165471,1.465840237701334
"T=30, dt=0.1",192,True,,0.4571875107265081,1.4080063739803004,0.7774213287943347,1.5161113641500794
"T=30, dt=0.1",193,True,,0.8435040120852703,1.6647721907714335,0.7914949464352667,0.8217473427854599
"T=30, dt=0.1",194,True,,0.4247798386881158,1.3235800771290276,0.7938076527866755,1.63177984788697
"T=30, dt=0.1",195,True,,0.8173211548016565,1.6336660518801949,0.7755376861131417,0.8480719928608172
"T=30, dt=0.1",196,True,,0.6950747631189615,1.6394519878399725,0.802844524534298,0.9972267982362548
"T=30, dt=0.1",197,True,,0.7649765915441986,1.559837995049126,0.7966235676120356,0.9061024719210599
"T=30, dt=0.1",198,True,,0.9878939638933848,1.7698985760093882,0.753309981805376,0.7016412751710577
"T=30, dt=0.1",199,True,,0.8593752493909438,1.502870412215413,0.7917418252695078,0.8065710305843604
"T=30, dt=0.1",200,True,,1.3649418069669421,1.627638279245562,0.8389013635979559,0.5078217818679012
"T=30, dt=0.1",201,True,,1.833615799490142,1.6714281630266414,0.8713097032830212,0.3780220375242637
"T=30, dt=0.1",202,True,,0.6544532016674521,1.4778718849987318,0.818980571030162,1.0591241341533764
"T=30, dt=0.1",203,True,,0.8502775719700992,1.549505928269896,0.8014449275678014,0.8152010630527609
"T=30, dt=0.1",204,True,,0.6161248766517818,1.4420852872029455,0.7851760096380742,1.1250108652108435
"T=30, dt=0.1",205,True,,0.4822260790203387,1.9058086489439017,0.7681751905699647,1.4373904911325017
"T=30, dt=0.1",206,True,,0.5868239484971957,1.7385940625688927,0.8302500700016429,1.1811842075208996
"T=30, dt=0.1",207,True,,1.0751331032018527,2.000266301721922,0.8360455279411623,0.6447082491420685
"T=30, dt=0.1",208,True,,0.7310423776483144,1.3961420440108803,0.8457753550345863,0.9481627902198038
"T=30, dt=0.1",209,True,,0.6585667255726096,1.491311701321905,0.8297864066169959,1.0525086580365395
"T=30, dt=0.1",210,True,,1.1278322222066675,1.547792812468867,0.767625342112662,0.6145835940063529
"T=30, dt=0.1",211,True,,0.5425565449193973,1.282884918363193,0.7728151589210125,1.2775574952522595
"T=30, dt=0.1",212,True,,0.9319946192032733,1.5220191897198496,0.7805473739769991,0.7437244446244662
"T=30, dt=0.1",213,True,,1.2229536257365108,1.433415526825449,0.7697148684370161,0.5667812466253614
"T=30, dt=0.1",214,True,,0.792798309158004,1.3714248315215194,0.7915063250857587,0.8743045646705607
"T=30, dt=0.1",215,True,,1.0588500988193899,1.4563648140050542,0.807122609382624,0.6546225772021926
"T=30, dt=0.1",216,True,,0.7090451307544905,1.2533927802302978,0.7910716451719927,0.9775783663056422
"T=30, dt=0.1",217,True,,0.952539868649521,1.2541787195291954,0.8208287114300182,0.7276831168680279
"T=30, dt=0.1",218,True,,1.434759188275026,1.5885875625379136,0.7707454214522149,0.48311046635867744
"T=30, dt=0.1",219,True,,0.8714212471525327,1.608819703898236,0.778950430064488,0.7954214828074045
"T=30, dt=0.1",220,True,,0.7007240875551215,1.5510457246538591,0.7923284288980194,0.9891870322003449
"T=30, dt=0.1",221,True,,1.3701342214985397,1.5057055360022518,0.8259518290089338,0.5058972834076344
"T=30, dt=0.1",222,True,,0.643830183166057,1.3182640641185737,0.8050922020298903,1.0765993870485697
"T=30, dt=0.1",223,True,,0.6096580535612134,1.2653073415982552,0.7946235067542837,1.1369441878296276
"T=30, dt=0.1",224,True,,0.3293582279128397,1.7081716315990905,0.8206163837722741,2.104538832846093
"T=30, dt=0.1",225,True,,0.763024409429547,1.8352755168253378,0.7958435837385405,0.9084207162889542
"T=30, dt=0.1",226,True,,0.8048413517577727,1.1925881044952158,0.8677419703017852,0.8612221266291954
"T=30, dt=0.1",227,True,,1.169104827952877,1.4750775594099836,0.8168566909481707,0.5928871081420971
"T=30, dt=0.1",228,True,,0.88882213561721,1.3711916503826282,0.8350195540926301,0.7798491427968484
"T=30, dt=0.1",229,True,,0.5536190123175111,1.3491154501998817,0.7837634844790489,1.2520292207060477
"T=30, dt=0.1",230,True,,0.8583431186266995,1.6974271182490057,0.7933010314778592,0.8075409070313764
"T=30, dt=0.1",231,True,,0.8786821419524454,1.332478594536951,0.7562960033239146,0.7888486034548983
"T=30, dt=0.1",232,True,,0.47001830236875825,1.477144378042398,0.7973075497392884,1.4747238077042555
"T=30, dt=0.1",233,True,,0.9618754875349541,1.5147464275468723,0.8136477736783393,0.7206204852317298
"T=30, dt=0.1",234,True,,0.7027254329054184,1.314220995940642,0.8604399780460508,0.9863698510158201
"T=30, dt=0.1",235,True,,0.8475973036907856,1.722607399204796,0.8685067282632698,0.8177788880895429
"T=30, dt=0.1",236,True,,0.7345309563256843,1.7152471123860575,0.794051635271468,0.9436595892802783
"T=30, dt=0.1",237,True,,0.634967341486979,1.6323038463433341,0.8157729914579478,1.0916265062337216
"T=30, dt=0.1",238,True,,0.5182272028309935,1.2607221170134648,0.8608498122528218,1.3375353064705817
"T=30, dt=0.1",239,True,,1.4108103742690454,1.497883477297609,0.8630020076506855,0.491311371961715
"T=30, dt=0.1",240,True,,0.778379035968291,1.3329522440908474,0.7819513571998712,0.8905008338227934
"T=30, dt=0.1",241,True,,0.9692744676029184,1.7131832937115181,0.7958588097238914,0.7151196113461499
"T=30, dt=0.1",242,True,,0.9867747415315251,2.059774384546678,0.783467306092139,0.702437092668328
"T=30, dt=0.1",243,True,,0.6941101416517923,1.3339071569359984,0.7948712042506618,0.9986126681717178
"T=30, dt=0.1",244,True,,1.2961015415933879,1.9779901515787683,0.7840024274407673,0.5347938863708249
"T=30, dt=0.1",245,True,,0.8018127277371165,1.419708364099257,0.7868943886940747,0.864475153089864
"T=30, dt=0.1",246,True,,0.7105704469699666,1.4598293928195527,0.8123261219631452,0.975479888750907
"T=30, dt=0.1",247,True,,0.6707241862570429,1.6261393277437386,0.8022109379997846,1.0334310209208843
"T=30, dt=0.1",248,True,,1.1549839894733875,1.4805385027712867,0.8110472357169332,0.6001357480946418
"T=30, dt=0.1",249,True,,0.695198011815538,1.6127037599337415,0.8019620777793008,0.9970500041416447
"T=30, dt=0.1",250,True,,0.49213711004814115,1.209923280752878,0.8024240265284144,1.4084432293515545
"T=30, dt=0.1",251,True,,1.0528789098644997,1.6877881518332516,0.775287436683843,0.6583351362305755
"T=30, dt=0.1",252,True,,1.0389692188643,1.6816141351227618,0.7610300096824447,0.6671489087209208
"T=30, dt=0.1",253,True,,0.7802575394448689,1.4169523399837414,0.8058614666256101,0.8883569148887684
"T=30, dt=0.1",254,True,,0.7503986528130013,1.7063777837772398,0.7719078471459576,0.9237052571477323
"T=30, dt=0.1",255,True,,0.6457509904595818,2.0048282657093055,0.7426944017602936,1.0733970072064953
"T=30, dt=0.1",256,True,,0.770892242300509,1.5891575937442655,0.7783406275236932,0.8991492487866324
"T=30, dt=0.1",257,True,,0.8382955560657979,1.3554656528676656,0.8266119421084759,0.8268529822738797
"T=30, dt=0.1",258,True,,1.3602166929545578,1.38360395729572,0.8288376332075533,0.509585850659092
"T=30, dt=0.1",259,True,,0.46836251819952546,1.2444498890722178,0.7883965472925927,1.479937342604901
"T=30, dt=0.1",260,True,,1.1039343120972485,1.4561386557853813,0.8470348229609047,0.6278880663135726
"T=30, dt=0.1",261,True,,0.8963020400886151,1.4679577740814431,0.811720140600129,0.7733410720468912
"T=30, dt=0.1",262,True,,1.170780173878892,1.3744869314072372,0.8158259858307765,0.592038707201106
"T=30, dt=0.1",263,True,,0.682890030780696,1.3037763006371004,0.8499547395615762,1.0150202072323755
"T=30, dt=0.1",264,True,,0.9187144304560004,1.903040376159961,0.8112740738796448,0.754475120430953
"T=30, dt=0.1",265,True,,0.7205739650024191,1.6084445722967877,0.8134003635520487,0.9619375861818964
"T=30, dt=0.1",266,True,,0.984411414340188,1.4800515445838653,0.7772186554608327,0.7041234695805864
"T=30, dt=0.1",267,True,,0.9826207231468768,1.338309754126949,0.786911099185576,0.7054066378125199
"T=30, dt=0.1",268,True,,0.7074789084558855,1.9366060816952928,0.7831533383074949,0.9797425368803997
"T=30, dt=0.1",269,True,,0.43134255712834413,1.2018329319719663,0.8154010599097308,1.6069529173623884
"T=30, dt=0.1",270,True,,0.805218842831736,1.5087697810244312,0.8525321005035482,0.8608183809041713
"T=30, dt=0.1",271,True,,1.0033801432830862,2.0650183608572057,0.8848725900567924,0.6908121365566887
"T=30, dt=0.1",272,True,,0.8583306601187514,1.149209522262559,0.7926377111255709,0.8075526283356199
"T=30, dt=0.1",273,True,,0.5114514305548029,1.12524244354012,0.7745920610388005,1.3552551408606792
"T=30, dt=0.1",274,True,,0.7075039727559468,1.3534827345382134,0.7461672051027887,0.9797078281552578
"T=30, dt=0.1",275,True,,0.40779419676090317,1.7046902583698436,0.8396805576458429,1.6997475345789423
"T=30, dt=0.1",276,True,,0.3818859759573107,1.6033265161460555,0.7871988311392076,1.8150631973912261
"T=30, dt=0.1",277,True,,0.9358076360122047,1.1115832678590578,0.8086487666794463,0.7406940848588088
"T=30, dt=0.1",278,True,,0.7786214180465015,1.7368007771774945,0.8059131190117119,0.8902236240803596
"T=30, dt=0.1",279,True,,0.6847383655784907,1.0814703362773048,0.8172886781623533,1.0122803327579732
"T=30, dt=0.1",280,True,,0.7415282974308093,1.3359943767991873,0.7480357972959095,0.9347548609560941
"T=30, dt=0.1",281,True,,1.8052077188758422,1.4878409062483424,0.8593808730514375,0.38397087122560564
"T=30, dt=0.1",282,True,,0.6364326563450093,1.2334005221571267,0.8035429044075665,1.0891131585557594
"T=30, dt=0.1",283,True,,1.0361763561370039,1.4417426348162903,0.8245630371162842,0.6689471116133989
"T=30, dt=0.1",284,True,,1.0074881685380432,1.7637624708450956,0.8247111230417354,0.6879953553854282
"T=30, dt=0.1",285,True,,0.8768440663925314,1.2791570118825886,0.8493104705477819,0.7905022194101823
"T=30, dt=0.1",286,True,,0.9090705517721728,1.6788020596087394,0.8496221693567381,0.7624789728461678
"T=30, dt=0.1",287,True,,0.8364358443976588,1.5037470050731576,0.8243474306401031,0.8286913876330829
"T=30, dt=0.1",288,True,,1.3180894063310604,1.3513657979907194,0.8282652402018188,0.5258726587366637
"T=30, dt=0.1",289,True,,0.5519007832866277,1.5083769383946652,0.8320552568980037,1.2559271549356756
"T=30, dt=0.1",290,True,,0.6654075315973418,1.3410304525139376,0.8449412587554129,1.0416882100748293
"T=30, dt=0.1",291,True,,0.9775914189442749,1.4120422055376587,0.857622975115905,0.7090356637013979
"T=30, dt=0.1",292,True,,1.2055411530750733,1.6045524651850414,0.8336039943957642,0.5749676639340578
"T=30, dt=0.1",293,True,,0.8007391858982406,1.731515789855228,0.7084545158758927,0.8656341450086492
"T=30, dt=0.1",294,True,,0.5640598513768826,1.6298308183098662,0.7543974540701431,1.2288539573734198
"T=30, dt=0.1",295,True,,0.8866568043560138,1.6188096380911083,0.8361514164942515,0.7817536358539354
"T=30, dt=0.1",296,True,,0.7800817344023528,1.4812243244264267,0.8610739165249235,0.8885571216341694
"T=30, dt=0.1",297,True,,0.8256154264980083,1.6362654837053472,0.7660304228925281,0.839552118714702
"T=30, dt=0.1",298,True,,0.4511635711764954,1.8094191960719064,0.8068176082465937,1.5363544950059493
"T=30, dt=0.1",299,True,,1.1305834027865558,1.1488414871483643,0.7888182205584215,0.6130880559997088
"T=30, dt=0.1",300,True,,0.838869866922099,1.5664598569898045,0.8071088394476953,0.8262868984711235
"T=30, dt=0.1",301,True,,1.1760473464007661,1.6674165501827674,0.8332320078383559,0.5893871387757368
"T=30, dt=0.1",302,True,,0.8410627185771171,1.4065523773995774,0.842619060805625,0.8241325709128915
"T=30, dt=0.1",303,True,,0.7983499869962432,1.314429364795458,0.8241715471731627,0.8682247032631405
"T=30, dt=0.1",304,True,,0.7312425932760998,1.4655448977823509,0.8081277063532037,0.9479031814250862
"T=30, dt=0.1",305,True,,0.8738458174514524,1.7509292964121868,0.8482886961727361,0.7932145084604172
"T=30, dt=0.1",306,True,,0.6337272998047857,1.5264992914286604,0.8088873476804508,1.0937625391449342
"T=30, dt=0.1",307,True,,0.43054426071841295,1.8308575829273475,0.8099834306782097,1.609932459448766
"T=30, dt=0.1",308,True,,0.8729468380914827,1.5655519749641003,0.773969088081971,0.7940313777587739
"T=30, dt=0.1",309,True,,0.7504178903549027,1.6169537975424444,0.8047744203359745,0.9236815772504147
"T=30, dt=0.1",310,True,,0.5009368958402801,1.188425643754091,0.7774700891331306,1.3837015925873224
"T=30, dt=0.1",311,True,,0.606841962153132,1.3300452081146825,0.7722803347802472,1.1422202546781608
"T=30, dt=0.1",312,True,,0.8490519982890999,1.230780558939193,0.7810197156304532,0.8163777742195838
"T=30, dt=0.1",313,True,,1.172574567368393,1.5473782083953866,0.8121661163791719,0.5911327090400522
"T=30, dt=0.1",314,True,,1.6241773130524746,1.4076088454031745,0.8319546104001466,0.4267681705621453
"T=30, dt=0.1",315,True,,1.312937088382038,1.5332917324489617,0.8435358132557134,0.5279363243627508
"T=30, dt=0.1",316,True,,0.7778170986733386,1.5917753203846468,0.842475220816563,0.8911441799649196
"T=30, dt=0.1",317,True,,0.5038270725474979,1.3319155179031505,0.8088255868476135,1.3757640633624335
"T=30, dt=0.1",318,True,,1.011854585442595,1.2560145063998693,0.7656338812888519,0.6850264756736324
"T=30, dt=0.1",319,True,,1.2418100890574395,1.460440118704081,0.8179451823712427,0.5581748664049418
"T=30, dt=0.1",320,True,,0.8419315934310135,1.8809766311673952,0.8734466410768045,0.8232820646808767
"T=30, dt=0.1",321,True,,0.6761300973958274,1.5726503486838073,0.8015723032620035,1.025168356252237
"T=30, dt=0.1",322,True,,1.1041341147130015,1.4706976089890873,0.8027440436998594,0.627774444538484
"T=30, dt=0.1",323,True,,0.6541886750335114,1.4716819110079293,0.7851281403621767,1.0595523998094865
"T=30, dt=0.1",324,True,,1.0751605665092256,1.5064714975080955,0.8585704518682634,0.6446917810708207
"T=30, dt=0.1",325,True,,0.7366251775731206,1.046555122499133,0.790568975155105,0.9409767703618038
"T=30, dt=0.1",326,True,,1.278545701487418,1.375779441989789,0.8169214098807956,0.5421371952160652
"T=30, dt=0.1",327,True,,0.5418151139476882,1.0543738404071294,0.7916009982231628,1.2793057312662341
"T=30, dt=0.1",328,True,,0.7303301443120164,1.8930056218544193,0.7831525739417393,0.9490874585395923
"T=30, dt=0.1",329,True,,0.531899537165225,1.613476883610938,0.7819373393987736,1.3031543216865624
"T=30, dt=0.1",330,True,,0.8873832653066973,1.5591374379847363,0.8154449840199671,0.7811136491517899
"T=30, dt=0.1",331,True,,0.5826781957682546,1.4248482646699778,0.7423410291199398,1.1895883278179622
"T=30, dt=0.1",332,True,,0.6428740712542905,1.6478223001396202,0.7888658516201281,1.0782005552153762
"T=30, dt=0.1",333,True,,0.611186306293299,1.2413904096719441,0.8258145210883466,1.1341012935380044
"T=30, dt=0.1",334,True,,0.8709646946103597,1.5450222416157198,0.8625463635641197,0.7958384362181706
"T=30, dt=0.1",335,True,,0.7665440179293072,1.6666312955028968,0.7746223954208946,0.9042496769231447
"T=30, dt=0.1",336,True,,0.784284727503204,1.3859980515991681,0.7546593579908012,0.8837953312779683
"T=30, dt=0.1",337,True,,0.7801795037971446,1.193454155419173,0.7666159917960031,0.888445770731464
"T=30, dt=0.1",338,True,,0.3972726777817283,1.2388783318136207,0.7307226251491981,1.7447642874166593
"T=30, dt=0.1",339,True,,1.0057221866733237,1.5075863064515689,0.8130222750495705,0.6892034298782868
"T=30, dt=0.1",340,True,,1.0849173580642535,1.3535850011309793,0.8423724467157466,0.6388939907797974
"T=30, dt=0.1",341,True,,0.5742666453528571,1.4147183603886468,0.8243908928018275,1.2070127808555593
"T=30, dt=0.1",342,True,,0.5608808528994363,1.4756950031779983,0.8008579946888522,1.2358189390434118
"T=30, dt=0.1",343,True,,1.2673871603110398,1.460073530222968,0.799281444300981,0.5469103698271919
"T=30, dt=0.1",344,True,,0.9338060519701759,1.5080967872741486,0.8540893693448383,0.7422817394442023
"T=30, dt=0.1",345,True,,0.8794255523825352,1.1474569471656422,0.8189189481074318,0.7881817610166938
"T=30, dt=0.1",346,True,,1.0895182325940487,1.3355956838613283,0.8426074893239098,0.636196035847534
"T=30, dt=0.1",347,True,,0.6791714486253344,1.7353935687017557,0.8188067142264963,1.0205776199263061
"T=30, dt=0.1",348,True,,1.074463972116647,2.0556857735870433,0.8529071827519005,0.6451097463924041
"T=30, dt=0.1",349,True,,0.8015962344695212,1.8477358878543344,0.7583969603970178,0.8647086285511993
"T=30, dt=0.1",350,True,,0.8226545246204797,1.7674321750562856,0.8039239292948315,0.8425738384891509
"T=30, dt=0.1",351,True,,0.7428121801527561,1.6861726231938448,0.7778828061050334,0.9331392229155459
"T=30, dt=0.1",352,True,,1.3403532280879582,1.2303529626408953,0.8136839372478799,0.5171376962688665
"T=30, dt=0.1",353,True,,0.547275869076988,1.3948326848306147,0.7558946544684793,1.2665407333398009
"T=30, dt=0.1",354,True,,0.9943552619752005,1.6302666945643889,0.8147120082944377,0.6970820259783898
"T=30, dt=0.1",355,True,,0.6988929386856848,1.4108396881827001,0.7761952450538158,0.9917787721012823
"T=30, dt=0.1",356,True,,0.9348299324724372,1.5749596431868855,0.787046849705104,0.741468749001982
"T=30, dt=0.1",357,True,,1.2316563635154323,1.6471223400162518,0.8286920385204255,0.562776437562132
"T=30, dt=0.1",358,True,,0.6774746333966184,1.3111037623872392,0.7930558636466137,1.023133777105056
"T=30, dt=0.1",359,True,,1.266915409440688,1.5441979818357319,0.7458532881702201,0.5471140183431447
"T=30, dt=0.1",360,True,,0.6068895901375975,1.1163688449125433,0.8283975275161691,1.142130614569927
"T=30, dt=0.1",361,True,,1.0924316808816366,1.5669661837601792,0.8368485542150766,0.6344993400416101
"T=30, dt=0.1",362,True,,0.8009912665251512,1.1917157346622058,0.8294665797526426,0.8653617205677491
"T=30, dt=0.1",363,True,,0.9303690887680134,1.8055726061488855,0.8095164510535894,0.745023871631209
"T=30, dt=0.1",364,True,,1.1498697585625468,1.6540877988503868,0.8044560340923455,0.6028049484721202
"T=30, dt=0.1",365,True,,1.0998460602776459,1.515757332912246,0.8401783323478753,0.630221997053812
"T=30, dt=0.1",366,True,,0.9051778809212221,1.5745246110834323,0.7920539720915182,0.7657579743934
"T=30, dt=0.1",367,True,,0.7087191684685878,1.7280662824648378,0.8261174438762243,0.9780279854116395
"T=30, dt=0.1",368,True,,1.4277307877054808,1.5576832316374,0.8159501158234866,0.48548871154757994
"T=30, dt=0.1",369,True,,0.6933177643434536,1.262415960319912,0.7843841679925408,0.9997539601719713
"T=30, dt=0.1",370,True,,1.09327992615544,1.5342348688726022,0.838611798751665,0.6340070497749131
"T=30, dt=0.1",371,True,,1.032752262041987,1.3954122231198516,0.9025434074541916,0.6711650083335912
"T=30, dt=0.1",372,True,,0.8077749123840267,1.7410927097689401,0.8096656360395105,0.8580944641053845
"T=30, dt=0.1",373,True,,0.9590283266181561,1.5635405262762896,0.8389411151636238,0.722759861540489
"T=30, dt=0.1",374,True,,0.7584974893479836,1.4968674070995678,0.8076878937848727,0.9138424191170172
"T=30, dt=0.1",375,True,,0.5980510082442632,1.5292793450127553,0.7704174047052068,1.1590101362672427
"T=30, dt=0.1",376,True,,0.8674586449079977,1.3848245183300634,0.8102211386171476,0.7990550150473861
"T=30, dt=0.1",377,True,,0.5775245032415931,1.1721926864151322,0.8296101974209988,1.2002039336328978
"T=30, dt=0.1",378,True,,0.7803681124159145,1.6561000656909193,0.7831819384278036,0.8882310406226813
"T=30, dt=0.1",379,True,,0.7898666218277101,1.417718798531444,0.783379292732749,0.8775496538340093
"T=30, dt=0.1",380,True,,1.3021134995692663,1.504166842457741,0.8196676303529525,0.5323247019474382
"T=30, dt=0.1",381,True,,0.5873361469164595,1.8001922743180148,0.8387388891403028,1.180154131835744
"T=30, dt=0.1",382,True,,0.5573965126365413,1.7660528721996587,0.8502829910721299,1.2435441644248717
"T=30, dt=0.1",383,True,,1.6991592330255045,1.4262065642501012,0.8951270118878928,0.40793538774216875
"T=30, dt=0.1",384,True,,0.7000792623989752,1.7315612781567662,0.7945667787456666,0.9900981471508302
"T=30, dt=0.1",385,True,,0.5199831720636052,1.504740244531749,0.7871117362138876,1.3330184855966039
"T=30, dt=0.1",386,True,,0.7446371688048754,1.1105979250229137,0.8267797219313856,0.9308522453592126
"T=30, dt=0.1",387,True,,0.6494895595536887,1.4998723521803976,0.7923032715693148,1.0672183568836071
"T=30, dt=0.1",388,True,,1.2048325529036337,1.772659019703392,0.7940861070577083,0.5753058206216856
"T=30, dt=0.1",389,True,,1.0488142881533595,1.2360381696201652,0.8548954017994027,0.6608864776054538
"T=30, dt=0.1",390,True,,0.5222298788748816,1.7563707397812995,0.7713862642131839,1.3272836515085973
"T=30, dt=0.1",391,True,,0.7581647018463248,1.362294870624479,0.7660650399322246,0.9142435395263784
"T=30, dt=0.1",392,True,,0.9157329603836453,1.4424132046627665,0.8136271321165878,0.7569315625262107
"T=30, dt=0.1",393,True,,0.48439995443554484,1.4460794496343259,0.8401738129316739,1.4309398137075522
"T=30, dt=0.1",394,True,,0.8922100530834093,1.6172353373652342,0.782948097105749,0.7768878843770948
"T=30, dt=0.1",395,True,,0.6228102548842775,1.7306783369975207,0.8450761419375343,1.1129347584180944
"T=30, dt=0.1",396,True,,0.45104688809774035,1.3428327310162043,0.7532769951607636,1.5367519405426928
"T=30, dt=0.1",397,True,,0.6141895367193155,1.1698121289504193,0.7515049757380254,1.1285558270210543
"T=30, dt=0.1",398,True,,1.0265865036335768,1.3530475140980847,0.815261901876478,0.6751960775897291
"T=30, dt=0.1",399,True,,0.4610433318513085,1.8149808286524995,0.8408323268502363,1.5034317442064054
"T=30, dt=0.1",400,True,,1.0417646217266952,1.181021577453351,0.7917434379985616,0.6653587250938447
"T=30, dt=0.1",401,True,,0.9370350612370585,1.2491505022426166,0.7307750947066083,0.7397238473071259
"T=30, dt=0.1",402,True,,0.7936872298136928,2.025191579490104,0.8678005210886616,0.8733253535182267
"T=30, dt=0.1",403,True,,0.5643568858134071,1.6549349966792082,0.841916713097685,1.2282071823415652
"T=30, dt=0.1",404,True,,0.946226321683149,1.4743048184270973,0.8240385436411282,0.7325384685209072
"T=30, dt=0.1",405,True,,0.7354463452216861,1.5634594596761728,0.7796629647283925,0.9424850433528356
"T=30, dt=0.1",406,True,,0.5888594783543182,1.5883734436253496,0.8556835650372596,1.1771011693606075
"T=30, dt=0.1",407,True,,0.48986712213158395,1.489894758981968,0.7616766808095815,1.41496979332644
"T=30, dt=0.1",408,True,,1.1619021569998247,1.5431669719979881,0.8465663211832231,0.5965624354719654
"T=30, dt=0.1",409,True,,0.6608233099955027,1.7299989433659313,0.8389810084804367,1.0489145435330702
"T=30, dt=0.1",410,True,,0.5068571197506238,1.6768763613448388,0.784607286247818,1.3675395955786853
"T=30, dt=0.1",411,True,,0.8222508705856438,1.3474312851446928,0.7838263865868825,0.8429874693428477
"T=30, dt=0.1",412,True,,1.0829713236109055,1.3540489313436768,0.7713512686205786,0.6400420449258194
"T=30, dt=0.1",413,True,,0.9009345413031767,1.5401471739899635,0.7887686647350297,0.7693646416945311
"T=30, dt=0.1",414,True,,0.48709221941552305,1.7930679272806231,0.793855670121687,1.4230306971268682
"T=30, dt=0.1",415,True,,1.0518404252260205,1.3584966167924688,0.8094469547506751,0.6589851121295335
"T=30, dt=0.1",416,True,,0.9735232563856286,1.8127802180124577,0.8931696882249751,0.7119985845365139
"T=30, dt=0.1",417,True,,0.5319791940939931,1.5209464491635767,0.8045170091901084,1.3029591913654355
"T=30, dt=0.1",418,True,,0.9630198770540255,1.5269054680573588,0.8138664723942162,0.7197641472161013
"T=30, dt=0.1",419,True,,0.7424383769347004,1.512388406430933,0.8104164916449391,0.9336090402839043
"T=30, dt=0.1",420,True,,0.8270341614726535,1.4807567664874226,0.7015583046985017,0.8381119098220765
"T=30, dt=0.1",421,True,,0.5326474465150853,1.062996506634164,0.7624845639582086,1.3013245160470592
"T=30, dt=0.1",422,True,,1.0924502150557496,1.4066720666564478,0.8040503794901089,0.634488575321094
"T=30, dt=0.1",423,True,,1.244680157592436,1.6014753027490725,0.7981214858188396,0.5568877886674825
"T=30, dt=0.1",424,True,,1.3514718374773345,1.1363528122346989,0.7464945357862842,0.5128831850864003
"T=30, dt=0.1",425,True,,1.1325780587996574,1.5815302003075034,0.8060734912924197,0.6120083072195173
"T=30, dt=0.1",426,True,,0.9287469829727318,1.457637446777729,0.7817837631747652,0.7463250952819475
"T=30, dt=0.1",427,True,,0.4448086678615582,1.391830980341784,0.8230229217251359,1.558304121842517
"T=30, dt=0.1",428,True,,0.7400693611506396,1.852824216291267,0.7915425406772902,0.9365975906396923
"T=30, dt=0.1",429,True,,1.7462481145730584,1.5011613734506246,0.8589721246378018,0.3969351060570298
"T=30, dt=0.1",430,True,,0.6609626057050769,1.4162221674040056,0.7726271140364727,1.0486934882201628
"T=30, dt=0.1",431,True,,1.0017191944927177,1.4944875822572086,0.8216154968664684,0.6919575709148341
"T=30, dt=0.1",432,True,,0.5683954803396206,1.5275226835633287,0.7396173114625216,1.2194804577717342
"T=30, dt=0.1",433,True,,0.799031388765441,1.7220741282741783,0.8060255371568998,0.8674842944917418
"T=30, dt=0.1",434,True,,0.7788943223399384,1.4040700948999982,0.7893349786968349,0.8899117128978508
"T=30, dt=0.1",435,True,,0.7870466106788778,1.65935560760059,0.7971203014390683,0.8806939400476698
"T=30, dt=0.1",436,True,,0.37053186228565366,1.174573729682246,0.8144077637958544,1.8706817175835158
"T=30, dt=0.1",437,True,,0.5257430745168962,1.633470739006335,0.7799842898619417,1.31841428666821
"T=30, dt=0.1",438,True,,0.9077594283178765,1.140195154460271,0.8058877117422472,0.7635802602947144
"T=30, dt=0.1",439,True,,0.5505274127757896,1.2568582483652277,0.7370684328398732,1.2590602474544526
"T=30, dt=0.1",440,True,,1.2716618628239946,1.8056189244973744,0.804521752485843,0.5450719258189163
"T=30, dt=0.1",441,True,,0.4373066842133271,1.5705037334503786,0.7522118327974257,1.5850367844407656
"T=30, dt=0.1",442,True,,0.7133800332471316,1.639606859848985,0.7711026188191208,0.9716380445986254
"T=30, dt=0.1",443,True,,0.7980529502132417,1.7095836560920779,0.788483045307312,0.8685478581023159
"T=30, dt=0.1",444,True,,0.8572027895839862,1.5107732843159312,0.8000348317648446,0.8086151713252594
"T=30, dt=0.1",445,True,,0.7169688309845954,1.7678448563053615,0.8926926288457366,0.9667744964701792
"T=30, dt=0.1",446,True,,0.9422967840771873,1.7955471369112144,0.7800669699481773,0.7355932783308393
"T=30, dt=0.1",447,True,,0.8299960095816068,1.442257946446634,0.7990463664941548,0.8351211000512572
"T=30, dt=0.1",448,True,,0.5582340084300487,1.9541196814579562,0.8012931025087845,1.2416785256586573
"T=30, dt=0.1",449,True,,1.2507076032777724,1.2182753360581553,0.8370693229192586,0.5542040191835331
"T=30, dt=0.1",450,True,,0.6574874374137013,1.5695746478927544,0.7672045120717691,1.0542363870654556
"T=30, dt=0.1",451,True,,0.9134583230103053,1.840020276870914,0.8257065880720174,0.7588164266495226
"T=30, dt=0.1",452,True,,0.9074004476136177,1.256845895501749,0.8014343688744076,0.7638823436585915
"T=30, dt=0.1",453,True,,0.5162291172748925,1.3737197959119645,0.7902936372544535,1.3427122906568707
"T=30, dt=0.1",454,True,,1.129093081136534,1.4694759461364986,0.7696498770224027,0.6138972881334372
"T=30, dt=0.1",455,True,,1.05906561905395,1.9389090455961753,0.8209355108901891,0.6544893612721796
"T=30, dt=0.1",456,True,,0.6961971987378271,1.0996865212113374,0.8432930390509266,0.9956190312408447
"T=30, dt=0.1",457,True,,0.933872147043559,1.3396188070181416,0.7933766748790672,0.7422292042377558
"T=30, dt=0.1",458,True,,0.9557930157171357,1.4524218861597509,0.8396582941025807,0.7252063670290307
"T=30, dt=0.1",459,True,,1.2539814872866766,1.5422582591618166,0.7860020725892323,0.5527571081290475
"T=30, dt=0.1",460,True,,1.1474452335285101,1.385809073481324,0.7781791019699359,0.6040786612781924
"T=30, dt=0.1",461,True,,0.7789851976562269,1.4683019041561272,0.7488043743264209,0.8898078970504871
"T=30, dt=0.1",462,True,,0.6394428110476685,1.3967840573554295,0.8702957644495773,1.083986196395401
"T=30, dt=0.1",463,True,,1.0114091341486497,1.361773247970468,0.8049390330778086,0.6853281794250352
"T=30, dt=0.1",464,True,,0.8599939825716141,1.1638133880921342,0.7955376445152083,0.8059907331993744
"T=30, dt=0.1",465,True,,0.8326445476098334,1.3274467004649255,0.7786618233381993,0.8324646844198699
"T=30, dt=0.1",466,True,,1.5052386386596517,1.3793734145102612,0.8175419748021905,0.4604898936006334
"T=30, dt=0.1",467,True,,1.179703108947962,1.38027827354693,0.7914206206323768,0.5875606966723022
"T=30, dt=0.1",468,True,,0.7159677014581378,1.3092962168382711,0.8079417445051174,0.9681263262969596
"T=30, dt=0.1",469,True,,0.9828404926207093,1.0261236888778107,0.8101639152649054,0.7052489043381729
"T=30, dt=0.1",470,True,,0.30785550006207196,1.7778855113094896,0.8071889780882566,2.2515341789254637
"T=30, dt=0.1",471,True,,0.7199752434078278,1.6518957031158799,0.7792515602345799,0.9627375203612579
"T=30, dt=0.1",472,True,,0.9520913247350221,1.4598949998387845,0.8075948204743628,0.7280259388487297
"T=30, dt=0.1",473,True,,0.8849870118347417,1.5118355139251871,0.746257552394433,0.7832286477548671
"T=30, dt=0.1",474,True,,0.7017385409045895,1.8306527098962508,0.8667715699278122,0.9877570350723941
"T=30, dt=0.1",475,True,,1.4105807801844543,1.5705371209738792,0.8673126858022155,0.4913913405720061
"T=30, dt=0.1",476,True,,0.9596301179796207,1.908009495204446,0.8016213819702085,0.7223066133223065
"T=30, dt=0.1",477,True,,0.9327995656908779,1.2480275599237312,0.7415580024697325,0.743082657898287
"T=30, dt=0.1",478,True,,1.3647242590387245,1.4396927870425138,0.8524212055378119,0.5079027327089355
"T=30, dt=0.1",479,True,,0.7871174790120917,1.0267281772005492,0.7710333201244446,0.8806146465327028
"T=30, dt=0.1",480,True,,0.7287615781916427,1.4119717178417244,0.8639548112511815,0.9511302479473858
"T=30, dt=0.1",481,True,,0.7243905337249792,1.5474806139246737,0.7856658912351447,0.9568694623818819
"T=30, dt=0.1",482,True,,0.9914534518820526,1.7167261452591995,0.8690013036049161,0.699122262617736
"T=30, dt=0.1",483,True,,0.7865551739334473,1.2551572746469224,0.819810360942622,0.8812441943438216
"T=30, dt=0.1",484,True,,0.6469012380497526,1.5148150814168988,0.7654099681673332,1.0714884124346595
"T=30, dt=0.1",485,True,,0.7276775391156051,1.7979651755261719,0.7907589068570253,0.9525471700038635
"T=30, dt=0.1",486,True,,0.811325113476506,1.3967467515952385,0.8114925655877063,0.8543396094197411
"T=30, dt=0.1",487,True,,0.6329235505237281,1.595365998744953,0.7812084236162135,1.0951515076131766
"T=30, dt=0.1",488,True,,0.3607503845633157,1.794199043035802,0.769076182462617,1.921403857681239
"T=30, dt=0.1",489,True,,0.6222548207745552,1.7207768412004614,0.8478753296026867,1.1139281808972512
"T=30, dt=0.1",490,True,,0.5942640977115787,1.5383694662927696,0.7832275573246643,1.1663958553598481
"T=30, dt=0.1",491,True,,0.9713742527521741,1.296128824778179,0.7823698425962547,0.713573762734668
"T=30, dt=0.1",492,True,,0.4620042299131028,1.1857613430497835,0.7750561582623219,1.5003048363654974
"T=30, dt=0.1",493,True,,0.9600266975061623,1.1510304201475134,0.8536189419131981,0.7220082341048605
"T=30, dt=0.1",494,True,,0.7321323965785692,1.8313547473679048,0.7288519871443639,0.9467511392737007
"T=30, dt=0.1",495,True,,0.9889975864412451,1.3843694868784466,0.8075551783024131,0.7008583135719554
"T=30, dt=0.1",496,True,,0.8521157396127882,1.7047842670194093,0.808527131345309,0.813442527038545
"T=30, dt=0.1",497,True,,0.8702438621257922,1.442196212562278,0.8305365448820896,0.7964976378767634
"T=30, dt=0.1",498,True,,0.6329481107329604,1.1429371012651806,0.8188555269807436,1.0951090125812584
"T=30, dt=0.1",499,True,,0.5631111172354686,1.1496299152155722,0.6851304318308716,1.2309243404088244
"T=30, dt=0.5",0,True,,1.1457359544714365,1.3317858751596263,1.0201307498730643,0.6049798628163987
"T=30, dt=0.5",1,True,,0.8043592719695575,1.6031256782289942,0.900311397601003,0.861738286254477
"T=30, dt=0.5",2,True,,0.9170373057632681,1.5935922221144871,0.8284340425373642,0.7558549430909196
"T=30, dt=0.5",3,True,,0.8933042510744271,1.4515254957236219,0.8643525615294692,0.7759362834401138
"T=30, dt=0.5",4,True,,0.7964139840496811,1.5312501223933965,0.7878274325239362,0.8703352709044171
"T=30, dt=0.5",5,True,,0.6655465562604107,1.0309344744240205,0.8084202686427239,1.0414706139486585
"T=30, dt=0.5",6,True,,0.6135100930779797,1.9577517387761836,0.7421700429868028,1.1298056680411344
"T=30, dt=0.5",7,True,,1.0773509539006165,1.3649172112268808,0.8304890632689189,0.6433810431506675
"T=30, dt=0.5",8,True,,0.8059317314043769,1.168867368151029,0.9024703809574306,0.8600569422326891
"T=30, dt=0.5",9,True,,2.0317308750646115,1.461478209381114,0.9486172560934335,0.3411609229681576
"T=30, dt=0.5",10,True,,0.8289541242089907,1.7961653992040616,0.7197105144940698,0.8361707364944521
"T=30, dt=0.5",11,True,,0.7111544279112213,1.3655175925104397,0.8584035010522735,0.9746788508310827
"T=30, dt=0.5",12,True,,0.5689049349579434,1.3907352589067625,0.870364819619411,1.2183884124879083
"T=30, dt=0.5",13,True,,0.7714356628008932,1.4334654455517581,0.8259403785572871,0.8985158633233241
"T=30, dt=0.5",14,True,,0.6783165909033829,1.607405832386571,0.7312518656897923,1.021863816771474
"T=30, dt=0.5",15,True,,0.5993265228263538,1.575514473792578,0.8391007670967998,1.1565434769867087
"T=30, dt=0.5",16,True,,1.2051737964851879,1.9606587343467838,0.8215826306563851,0.5751429234368226
"T=30, dt=0.5",17,True,,0.8143171594158577,1.488760846694727,0.897413600529111,0.8512005089726558
"T=30, dt=0.5",18,True,,0.5157795961733255,1.3978232404277937,0.7709388427949526,1.3438825143579667
"T=30, dt=0.5",19,True,,1.0002286466113417,1.5775273003665415,0.8608164949205126,0.6929887310348962
"T=30, dt=0.5",20,True,,1.9814791347894976,1.7057987597374225,1.102535032212541,0.3498130100842984
"T=30, dt=0.5",21,True,,0.7439941456563809,1.2656815457351416,0.6869441030425508,0.9316567672026822
"T=30, dt=0.5",22,True,,0.7730620506544181,1.284173130171001,0.8639028123692363,0.8966255425074575
"T=30, dt=0.5",23,True,,0.8484667438030247,1.8323963238898082,0.7799056376912284,0.8169408944104266
"T=30, dt=0.5",24,True,,1.207342357586325,1.4238036355498558,0.9684679743045514,0.5741098837496764
"T=30, dt=0.5",25,True,,0.7435009555253738,1.6375742588020645,0.8358518438800842,0.9322747676499656
"T=30, dt=0.5",26,True,,0.7895909030630459,1.5949714651069986,0.7619519577972172,0.8778560870838706
"T=30, dt=0.5",27,True,,0.3931802184214054,1.3071979703547991,0.6566317603760408,1.7629248575701213
"T=30, dt=0.5",28,True,,1.4162790125797873,1.2722160612582283,0.9093217577325254,0.48941428518195756
"T=30, dt=0.5",29,True,,1.3168366219792245,1.433449662467566,0.8809615714009692,0.5263729524154144
"T=30, dt=0.5",30,True,,0.5817445330142229,1.3227987443080422,0.7852462400570069,1.1914975409713024
"T=30, dt=0.5",31,True,,0.8031509488647661,1.8824938267535167,0.7869837437575241,0.8630347527319635
"T=30, dt=0.5",32,True,,1.1648168873673401,1.428678365232255,0.9293269786288447,0.5950696526443408
"T=30, dt=0.5",33,True,,1.3930840081604414,1.2407290224183176,0.8215449096711847,0.4975630877245097
"T=30, dt=0.5",34,True,,0.8128833232591012,1.7891611003916694,0.8401209613269095,0.8527019324014465
"T=30, dt=0.5",35,True,,0.7758850678747133,1.4705114914435302,0.7162544568438745,0.8933632173881091
"T=30, dt=0.5",36,True,,0.8617436588724391,1.854885370080258,0.7964155967901154,0.8043542571196911
"T=30, dt=0.5",37,True,,0.8249009312830724,1.2163292040049454,0.7578124980991691,0.8402793041848142
"T=30, dt=0.5",38,True,,0.5167584657727226,1.0854474624116857,0.7644080443963385,1.3413368652286404
"T=30, dt=0.5",39,True,,0.391094095102579,1.374394692461588,0.674221600410014,1.7723284223407711
"T=30, dt=0.5",40,True,,0.4217407534804587,1.6324737302780499,0.6472409494849907,1.6435385360311454
"T=30, dt=0.5",41,True,,1.0369743927725765,1.583695265037426,0.9025046270352879,0.6684323020809275
"T=30, dt=0.5",42,True,,1.6138047347033249,1.4308372490549102,0.8060710284504211,0.4295111828925019
"T=30, dt=0.5",43,True,,0.6024228040951397,1.2621979029267247,0.6835998101509936,1.150599173617069
"T=30, dt=0.5",44,True,,0.7119034948224824,1.631259256534563,0.6918035941474141,0.9736532909320608
"T=30, dt=0.5",45,True,,1.1410492027682044,1.501842010004105,0.7681627961198654,0.6074647603962727
"T=30, dt=0.5",46,True,,2.0502802985954984,1.6883223976652206,1.0495666690483103,0.3380743506313606
"T=30, dt=0.5",47,True,,0.8211440490468409,1.2684516799560357,0.8051410802285982,0.8441237336671069
"T=30, dt=0.5",48,True,,1.0390711249419788,1.6411619296881956,0.8157331506782,0.6670834786200514
"T=30, dt=0.5",49,True,,0.8157335036967002,1.3908198164860164,0.769920456407697,0.8497225839306289
"T=30, dt=0.5",50,True,,0.6626146299764087,1.6226741071063255,0.6457837839513861,1.046078895940803
"T=30, dt=0.5",51,True,,0.8451998876034976,1.578675575658977,0.8126864298266563,0.8200985242973864
"T=30, dt=0.5",52,True,,0.6857092677531865,1.3878666034654983,0.8329374480792943,1.01084703555361
"T=30, dt=0.5",53,True,,1.0269089266855085,1.3442453817412687,0.7505269250407456,0.6749840833472684
"T=30, dt=0.5",54,True,,0.7612255604199922,1.6067525561392768,0.7599198820500331,0.9105674015695349
"T=30, dt=0.5",55,True,,0.42523595037547124,0.9935611385494856,0.7672037091664351,1.6300295869808656
"T=30, dt=0.5",56,True,,1.2415178387183718,1.1533738494843466,0.8875051661804431,0.5583062594376302
"T=30, dt=0.5",57,True,,0.9188692935384071,1.3339177735360128,0.8023898160349361,0.7543479637792173
"T=30, dt=0.5",58,True,,1.0083147163310642,1.5557045691525966,0.7985253902372115,0.6874313836081724
"T=30, dt=0.5",59,True,,0.5466067624106299,1.8778726442788105,0.7951413079623831,1.2680911181981118
"T=30, dt=0.5",60,True,,0.9391320648304212,1.755803156118593,0.9196472327072281,0.7380721056362894
"T=30, dt=0.5",61,True,,0.9233992637402674,1.645272367487518,0.7286327874971342,0.7506473177727299
"T=30, dt=0.5",62,True,,0.9480520898155582,1.265560515269682,0.8066394766806677,0.7311277386612752
"T=30, dt=0.5",63,True,,0.576274221393245,1.3710125395740687,0.75487388753142,1.2028078904590582
"T=30, dt=0.5",64,True,,0.5522700040383413,1.782343609929213,0.7777405733100534,1.2550875033796398
"T=30, dt=0.5",65,True,,0.7038958132027218,1.3923961864180872,0.8061921522644382,0.9847297960278095
"T=30, dt=0.5",66,True,,0.4881952019910491,1.3754548946447787,0.7392167210675377,1.4198156346744553
"T=30, dt=0.5",67,True,,0.7380970459698152,1.6256865429263656,0.646855248757411,0.9391003315142544
"T=30, dt=0.5",68,True,,1.6919141917302947,1.6837697374073501,0.7908922930290782,0.40968223090030015
"T=30, dt=0.5",69,True,,1.0101466669271808,1.6013580654576796,0.8783384995701573,0.6861846930292477
"T=30, dt=0.5",70,True,,0.8242483602612256,1.4733922073185084,0.8201735275426479,0.8409445671693773
"T=30, dt=0.5",71,True,,0.9727953492802478,1.5333864401514694,0.8251243091123478,0.7125313469814502
"T=30, dt=0.5",72,True,,0.8129629875991845,1.3450404285540463,0.8798756805414115,0.8526183739396608
"T=30, dt=0.5",73,True,,0.6154478482391896,1.6592721871459422,0.7790089528910338,1.1262484425659383
"T=30, dt=0.5",74,True,,0.43762168304276966,1.6003467341263382,0.6016734478586371,1.58389587951976
"T=30, dt=0.5",75,True,,1.0122693392569404,1.2879001067194318,0.8370463499427491,0.684745802010315
"T=30, dt=0.5",76,True,,0.7702364361582468,1.835943610021977,0.81329823846494,0.8999148157898059
"T=30, dt=0.5",77,True,,0.5786313961998885,1.2511484500998458,0.7641569241204248,1.1979080034580378
"T=30, dt=0.5",78,True,,0.5463268492791564,1.4144434036257585,0.7836820231895892,1.2687408306483727
"T=30, dt=0.5",79,True,,0.7870265789518484,1.6483543500029085,0.8413041552729976,0.880716355835237
"T=30, dt=0.5",80,True,,1.0091416292277489,1.7543561873481734,0.6704589846399359,0.6868680871785856
"T=30, dt=0.5",81,True,,0.9500821872705936,1.366344025976702,0.7684547971207208,0.7295654942771067
"T=30, dt=0.5",82,True,,0.6021496580250815,1.1412846838466357,0.6579306809522818,1.1511211063929119
"T=30, dt=0.5",83,True,,0.6925771735928203,1.7364357362622176,0.6883990657488368,1.0008230230346287
"T=30, dt=0.5",84,True,,0.6676640769069868,1.6208765644315677,0.7348048005116611,1.0381675524179932
"T=30, dt=0.5",85,True,,0.6300789204983995,1.4568865733622811,0.7039576530442887,1.1000958102385936
"T=30, dt=0.5",86,True,,0.6615946221497193,1.4308385357118996,0.708418845902746,1.047691679094522
"T=30, dt=0.5",87,True,,0.8033498723417134,1.7139898437265466,0.8595612459586693,0.8628210502348941
"T=30, dt=0.5",88,True,,1.4607047863839615,1.7379202296200928,0.7840658895749595,0.47452927314345383
"T=30, dt=0.5",89,True,,1.3251146504719011,1.859563325285423,0.9406806543763594,0.5230846857765108
"T=30, dt=0.5",90,True,,0.6227271030814249,1.555322537204091,0.894099680042515,1.113083366903516
"T=30, dt=0.5",91,True,,0.5769249608255353,1.4552959323353665,0.8422110430890273,1.2014511897146984
"T=30, dt=0.5",92,True,,0.3734899801989114,1.6141309231836432,0.6679953321075701,1.855865531361223
"T=30, dt=0.5",93,True,,0.4557596917630939,1.3422904593262845,0.7395593301988291,1.5208610877335913
"T=30, dt=0.5",94,True,,1.5337641660891093,1.3061551288179742,0.8589407599483521,0.45192552798216473
"T=30, dt=0.5",95,True,,1.317306787585482,1.3254008468073222,0.7657703804683099,0.5261850823910417
"T=30, dt=0.5",96,True,,0.7758828292335452,1.8499573387059571,0.777277136774531,0.8933657949933881
"T=30, dt=0.5",97,True,,0.9413282054753531,1.5439416596779858,0.8780191682089736,0.7363501662100085
"T=30, dt=0.5",98,True,,0.6574874159144966,1.6888129953685087,0.8536103248910254,1.0542364215379691
"T=30, dt=0.5",99,True,,1.1812434501103897,1.8116517130678305,0.7840914842812803,0.5867945176713312
"T=30, dt=0.5",100,True,,0.49856754104444917,1.4023380404550636,0.7800803357525383,1.3902773917208313
"T=30, dt=0.5",101,True,,0.9988368560650858,1.6823635372161234,0.8968931753966066,0.693954349352502
"T=30, dt=0.5",102,True,,1.3045132943792215,1.582026250317716,0.9140225646437141,0.5313454324662847
"T=30, dt=0.5",103,True,,1.4024892695117523,1.8403115500337166,0.7771445210839152,0.4942263699466664
"T=30, dt=0.5",104,True,,0.9746948605385998,1.3207013789550814,0.895001703421471,0.7111427469484388
"T=30, dt=0.5",105,True,,1.0735490107984484,1.9549446783413769,0.8162165613761916,0.6456595587046552
"T=30, dt=0.5",106,True,,0.6782531150567399,1.2063941927886472,0.813948277820789,1.0219594502001799
"T=30, dt=0.5",107,True,,0.6353909877777112,1.664137541309802,0.8060491735641504,1.0908986653780488
"T=30, dt=0.5",108,True,,0.7901711075813167,1.753922099775975,0.7592688333875182,0.8772114974965892
"T=30, dt=0.5",109,True,,1.4383491622998519,1.3139817360347452,0.980508907723024,0.4819046714996767
"T=30, dt=0.5",110,True,,1.060618350558977,1.6636489455091306,0.9184254055096436,0.6535311973384549
"T=30, dt=0.5",111,True,,0.7898753736117068,1.3223220635829362,0.7709373451830899,0.8775399306228885
"T=30, dt=0.5",112,True,,0.7066828078625248,1.220334226110682,0.7370775701738121,0.9808462479177608
"T=30, dt=0.5",113,True,,0.5787553603018608,1.545720232773377,0.6817028592948111,1.1976514225257824
"T=30, dt=0.5",114,True,,0.9556313549362879,1.4739817027368363,0.8059061979209596,0.725329047628578
"T=30, dt=0.5",115,True,,0.7131510995387447,1.4731706655194925,0.8050843378496134,0.9719499570403276
"T=30, dt=0.5",116,True,,1.055652544622868,1.4917472590856529,0.7567688735293718,0.6566054182226901
"T=30, dt=0.5",117,True,,0.320174704772843,1.6529223812551026,0.7278146621034862,2.1649030052255944
"T=30, dt=0.5",118,True,,1.57361365573351,1.1582921076579331,0.9899568718116912,0.4404811676833396
"T=30, dt=0.5",119,True,,1.0600844360622428,1.5839259483792463,0.8185596453530641,0.6538603501572843
"T=30, dt=0.5",120,True,,0.8903607249943565,1.3997009825693632,0.8169560330475173,0.7785015231487651
"T=30, dt=0.5",121,True,,0.9567124028673916,1.573180064167862,0.9325055728715586,0.7245094539200004
"T=30, dt=0.5",122,True,,0.7390678366629497,1.4372511504443055,0.8274646761470551,0.9378667913484828
"T=30, dt=0.5",123,True,,0.3066233078634605,2.0324788219761354,0.6939766629718795,2.2605821631426797
"T=30, dt=0.5",124,True,,0.5605971038443787,1.1246877646122169,0.7244811364713751,1.236444455040143
"T=30, dt=0.5",125,True,,0.4559113705228328,1.3980619077515046,0.681051728482267,1.5203551071013073
"T=30, dt=0.5",126,True,,0.6725662386523092,1.5596370497165664,0.7684533535341007,1.0306006170468447
"T=30, dt=0.5",127,True,,0.9845137159017515,1.5344697536800733,0.8340100720764781,0.7040503035806533
"T=30, dt=0.5",128,True,,0.5842004123583476,1.3734794773845231,0.7082318959838231,1.1864886876094327
"T=30, dt=0.5",129,True,,1.0620645693791888,1.8446515617982617,0.9615230257462677,0.6526412805250742
"T=30, dt=0.5",130,True,,2.2778195779221937,1.7935553667553426,0.9329196894423919,0.30430293394537766
"T=30, dt=0.5",131,True,,0.6888198790840411,1.6681338497474716,0.7505133862058252,1.0062821959808397
"T=30, dt=0.5",132,True,,0.7153404564928746,1.7155943560666227,0.813947649502769,0.9689752260878168
"T=30, dt=0.5",133,True,,1.301567247510817,1.6021331284408684,0.8323778108995308,0.5325481121974719
"T=30, dt=0.5",134,True,,0.8509851336625367,1.3995810462626477,0.8017761885723584,0.8145232544506671
"T=30, dt=0.5",135,True,,1.0987700383250734,1.7166387046704503,0.9167917702841121,0.6308391714216695
"T=30, dt=0.5",136,True,,0.4765659057426345,1.1698556773473363,0.8399323171452672,1.4544623780415247
"T=30, dt=0.5",137,True,,1.0811892794008144,1.7273300270532266,0.8575023945781054,0.6410969788232467
"T=30, dt=0.5",138,True,,0.631000964138038,1.3582934039415215,0.897508668721693,1.0984883066015605
"T=30, dt=0.5",139,True,,1.267642712549353,1.5218541753755481,0.8553832131130125,0.5468001146521474
"T=30, dt=0.5",140,True,,0.7711815604781815,1.7675612391581568,0.6621903139886776,0.8988119219683495
"T=30, dt=0.5",141,True,,0.78042757017514,1.267822013537925,0.7084794678073264,0.8881633697338401
"T=30, dt=0.5",142,True,,1.2139064406921496,1.6687973861952867,0.9093182148745281,0.5710054394016759
"T=30, dt=0.5",143,True,,0.8176484236750773,1.4315482066825447,0.9204966946131313,0.8477325467643693
"T=30, dt=0.5",144,True,,1.648110031967592,1.7334193199617869,0.8951892252961711,0.4205709370826614
"T=30, dt=0.5",145,True,,0.9315639233244702,1.357474342791998,0.7645906090872644,0.7440682954813368
"T=30, dt=0.5",146,True,,1.4372545418265041,1.484889123033115,0.903479355642325,0.48227169258346825
"T=30, dt=0.5",147,True,,0.9714054971942674,1.5036299851406032,0.8264342227163926,0.713550811233803
"T=30, dt=0.5",148,True,,1.041041054268289,1.3629087607688575,0.8488369581657323,0.6658211774819331
"T=30, dt=0.5",149,True,,0.7149133909146999,1.3556404497252676,0.8382006922115167,0.9695540597905073
"T=30, dt=0.5",150,True,,0.6536483775568283,1.156743992448465,0.8631890037957254,1.0604282124140711
"T=30, dt=0.5",151,True,,0.9547006376587058,1.168086948917431,0.8081898150095492,0.7260361554380119
"T=30, dt=0.5",152,True,,1.1632654986686184,1.606082883581742,0.8765385371643059,0.5958632671159478
"T=30, dt=0.5",153,True,,1.3069720820686206,1.5213372866145853,0.9217395759733102,0.5303458199832861
"T=30, dt=0.5",154,True,,0.5321908792182773,1.1533728860884318,0.6545731910699603,1.3024409241625727
"T=30, dt=0.5",155,True,,0.4567336810983144,1.424854684709765,0.8448314040467665,1.5176178356129195
"T=30, dt=0.5",156,True,,0.9090732851190017,1.282905028120468,0.7920931794185283,0.7624766802702923
"T=30, dt=0.5",157,True,,0.6893884171781385,1.0518610534947797,0.797026947679966,1.0054523158326223
"T=30, dt=0.5",158,True,,1.4440062077714004,1.7172642697233937,0.8465929917065953,0.48001675950528666
"T=30, dt=0.5",159,True,,0.9647887957449836,1.2122378634571875,0.8912514951598502,0.7184444757411553
"T=30, dt=0.5",160,True,,0.4402531458352981,1.6936909146093033,0.8516586935873782,1.5744286829451906
"T=30, dt=0.5",161,True,,0.5904768728911928,1.152519302055436,0.7162282653569872,1.1738769330050824
"T=30, dt=0.5",162,True,,0.5499424425548485,1.3107544060108223,0.7985294051052682,1.2603995017002425
"T=30, dt=0.5",163,True,,0.8936772656131707,1.4391000275386503,0.7612188243746087,0.7756124131504705
"T=30, dt=0.5",164,True,,0.7661215547607388,1.536021434290046,0.902000068575415,0.9047483082190743
"T=30, dt=0.5",165,True,,1.2003766687019515,1.3207402366522956,0.8364675366289122,0.5774413970487215
"T=30, dt=0.5",166,True,,0.7458836416214906,1.6958514226304295,0.9516561506871807,0.929296664896819
"T=30, dt=0.5",167,True,,1.0939419630618528,1.5299769048960448,0.8412422141137184,0.6336233584274287
"T=30, dt=0.5",168,True,,0.9948857519152438,1.6189355875821148,0.808872253876747,0.6967103300309359
"T=30, dt=0.5",169,True,,0.7619379781141712,1.567131569907056,0.6962641367352516,0.9097160142555355
"T=30, dt=0.5",170,True,,1.2044473986592878,1.3662564216979314,0.7546001450354246,0.5754897900327665
"T=30, dt=0.5",171,True,,0.7156895616846932,1.2020773363824966,0.8640004943946406,0.9685025710425559
"T=30, dt=0.5",172,True,,1.900915509815754,1.5468240694595918,0.902238183489432,0.36463860544076915
"T=30, dt=0.5",173,True,,2.215170093015156,1.9072488356160116,0.7631419672102124,0.3129092356138102
"T=30, dt=0.5",174,True,,1.3270162898521982,1.2975981363878994,0.9372735019059606,0.522335095552706
"T=30, dt=0.5",175,True,,0.5289701782435641,1.5033949319744804,0.8092931080170341,1.310370998345366
"T=30, dt=0.5",176,True,,1.3042963643277827,1.3628562371839268,0.9327629162865082,0.5314338056268249
"T=30, dt=0.5",177,True,,1.175333640908741,1.5202256612399672,0.781904834905222,0.5897450361618338
"T=30, dt=0.5",178,True,,0.5799146772890793,1.321947733009506,0.7175344505740703,1.1952571778320782
"T=30, dt=0.5",179,True,,0.4487821074942737,1.4535965795912145,0.7311225541252333,1.5445071650250441
"T=30, dt=0.5",180,True,,0.5543909293762402,1.531969433435336,0.8013771342249549,1.2502859333211374
"T=30, dt=0.5",181,True,,0.7473511121915335,1.4989355428862554,0.9110625481645646,0.9274719328741741
"T=30, dt=0.5",182,True,,0.6443450160571351,1.2795944091501095,0.7140009410582729,1.0757391820944617
"T=30, dt=0.5",183,True,,0.7104522684836327,1.5729159218437303,0.8148167058439462,0.9756421526239576
"T=30, dt=0.5",184,True,,0.7823773678647399,1.7229872409475087,0.8926815561603005,0.885949938009683
"T=30, dt=0.5",185,True,,0.43764116530115366,1.47754524753761,0.7297996005303442,1.583825369999119
"T=30, dt=0.5",186,True,,1.0206267341395319,1.2941425269250133,0.7941781892133803,0.6791387657940614
"T=30, dt=0.5",187,True,,0.6665885853574722,1.1874230311788438,0.7095679669961314,1.0398425592424905
"T=30, dt=0.5",188,True,,0.64231066435601,1.3131587275714522,0.7741829175102445,1.079146305713147
"T=30, dt=0.5",189,True,,1.2111931647925713,1.9063583458549744,0.9267311077563484,0.5722845873875564
"T=30, dt=0.5",190,True,,1.3773800309389863,1.4236312286436308,0.9686325722519042,0.5032359733627135
"T=30, dt=0.5",191,True,,0.6742913687384291,1.623408540417636,0.8903859959466403,1.027963893200642
"T=30, dt=0.5",192,True,,0.4381446939822725,1.4032665074138413,0.7733354940236257,1.5820051916182518
"T=30, dt=0.5",193,True,,0.9968717276665648,1.6688919269518714,0.8978590060046199,0.6953223381933349
"T=30, dt=0.5",194,True,,0.42775287632178544,1.3527275513117558,0.8240438687136673,1.6204383861080383
"T=30, dt=0.5",195,True,,0.7796520589603712,1.5913422214743378,0.7785013702813672,0.889046815940208
"T=30, dt=0.5",196,True,,0.9485671885721154,1.658618602873024,0.8884124278324347,0.7307307156632146
"T=30, dt=0.5",197,True,,0.6794811798296946,1.5238524664278714,0.7542822958631115,1.0201124050759962
"T=30, dt=0.5",198,True,,1.045797948397313,1.7907843479989771,0.8163920446665434,0.6627926375474291
"T=30, dt=0.5",199,True,,0.772901185901574,1.4932610512016826,0.715040204965033,0.8968121581433502
"T=30, dt=0.5",200,True,,1.3981766671722697,1.6447147200241041,0.8172268927965922,0.4957507851720876
"T=30, dt=0.5",201,True,,1.4354061065604717,1.660910833895887,0.8021351270814324,0.48289273494932283
"T=30, dt=0.5",202,True,,0.5630261511709888,1.4478365757201306,0.7698200069829556,1.2311100987375616
"T=30, dt=0.5",203,True,,0.6646247841291756,1.5361442984943892,0.7514147305408382,1.0429150358395696
"T=30, dt=0.5",204,True,,0.5498537218358956,1.4517747184969194,0.7415120313245549,1.2606028713338704
"T=30, dt=0.5",205,True,,0.5140984138497197,1.8631656827499823,0.8138728539872261,1.3482772206384688
"T=30, dt=0.5",206,True,,0.8792753998149555,1.7257227897640093,0.9996528882016125,0.7883163576574744
"T=30, dt=0.5",207,True,,1.0076011560210696,1.9943433927241985,0.8565059860675294,0.6879182069392655
"T=30, dt=0.5",208,True,,0.8927435080494441,1.361472961030884,0.9014423768461708,0.7764236584306314
"T=30, dt=0.5",209,True,,0.5615963651486753,1.4583026462046336,0.77155214375939,1.2342444210379524
"T=30, dt=0.5",210,True,,0.9131772390373859,1.5396886883855094,0.6781464928390514,0.7590499970089241
"T=30, dt=0.5",211,True,,0.4566838771710799,1.3004929714663145,0.7301638373648895,1.5177833403132888
"T=30, dt=0.5",212,True,,0.928034344284963,1.4956944302861384,0.8288181007809949,0.7468981992191304
"T=30, dt=0.5",213,True,,1.6325707732065173,1.4522427922509962,0.8358002661771309,0.42457404722402403
"T=30, dt=0.5",214,True,,0.8717278952318643,1.3480418924515236,0.8322615737401895,0.7951416770660761
"T=30, dt=0.5",215,True,,0.7844590841125619,1.4548283706836707,0.7341952276367323,0.8835988958481941
"T=30, dt=0.5",216,True,,0.5674147870660744,1.2182461192840492,0.7255536033099086,1.221588150960947
"T=30, dt=0.5",217,True,,0.9054607538822182,1.208011688340161,0.7984069548487656,0.765518745664055
"T=30, dt=0.5",218,True,,1.1337911438136732,1.6196706921730193,0.6744793127854782,0.611353496931051
"T=30, dt=0.5",219,True,,0.8238362647516766,1.6401191667598563,0.7686708579501781,0.8413652205136611
"T=30, dt=0.5",220,True,,0.8117099968526198,1.5270716925304177,0.8427925417782485,0.853934512630868
"T=30, dt=0.5",221,True,,1.1675689330207957,1.4685433967831394,0.7803149757262295,0.5936670298057679
"T=30, dt=0.5",222,True,,0.38046414511728494,1.3444120450800916,0.6151651728749911,1.8218462618764513
"T=30, dt=0.5",223,True,,0.7102003488204515,1.2938122653855906,0.880037059722528,0.9759882288303163
"T=30, dt=0.5",224,True,,0.26329563072771145,1.6465450081428186,0.756902984318295,2.632581401537829
"T=30, dt=0.5",225,True,,0.6336057769164167,1.8048709071892615,0.7518405742169266,1.0939723181396799
"T=30, dt=0.5",226,True,,0.8390624375391245,1.1573586733376633,0.901233266778406,0.8260972599284361
"T=30, dt=0.5",227,True,,1.373332521894483,1.4720442489384848,0.9011995878430838,0.5047191190111507
"T=30, dt=0.5",228,True,,0.7719790551815524,1.3897643934758774,0.7475371601872439,0.8978834022860016
"T=30, dt=0.5",229,True,,0.6108110317385153,1.3727865549223155,0.8459149731591494,1.1347980709960026
"T=30, dt=0.5",230,True,,0.8969516535693667,1.720024311550951,0.8127966674998163,0.7727809830124138
"T=30, dt=0.5",231,True,,0.8761913421730427,1.3525216026523708,0.7491472445507368,0.7910911089818241
"T=30, dt=0.5",232,True,,0.4693597769509631,1.4866249530885807,0.8054360359856065,1.4767928880969334
"T=30, dt=0.5",233,True,,0.9351494484834285,1.5322440817483522,0.8330852999912894,0.7412154086002526
"T=30, dt=0.5",234,True,,0.4837225197068022,1.295255529569452,0.7174607572380666,1.432943789716636
"T=30, dt=0.5",235,True,,0.7193617530320452,1.6852163570923366,0.7994603666702451,0.9635585679088333
"T=30, dt=0.5",236,True,,0.5834365960727391,1.7304134927836243,0.6918350145444326,1.188042000151681
"T=30, dt=0.5",237,True,,0.8342974512308683,1.6398047495953665,0.9366338003041437,0.8308154118621853
"T=30, dt=0.5",238,True,,0.5069012845926244,1.2529315110394994,0.851880935109911,1.3674204458112569
"T=30, dt=0.5",239,True,,1.6243713173023135,1.5234979405734517,0.9096612302497511,0.4267172001726148
"T=30, dt=0.5",240,True,,0.6050392549823721,1.3134460602218265,0.7249210866522251,1.1456234861656047
"T=30, dt=0.5",241,True,,0.9490406604784799,1.7126307708513533,0.7742033880765653,0.73036615755797
"T=30, dt=0.5",242,True,,1.2539086206084447,2.0308472976577217,0.9410018537650352,0.5527892297475422
"T=30, dt=0.5",243,True,,1.0674752459412062,1.3556763760042005,1.008729486345781,0.6493332591977707
"T=30, dt=0.5",244,True,,1.4364894263394656,1.9837221709204653,0.874125614724153,0.48252856432522284
"T=30, dt=0.5",245,True,,1.142278946387004,1.4051367980661302,0.9778796556776265,0.6068107818605518
"T=30, dt=0.5",246,True,,0.9953167528015726,1.4791859608629765,0.9302760773961541,0.6964086343457054
"T=30, dt=0.5",247,True,,0.8006014812602088,1.605447859065748,0.8953552784754194,0.8657830353609612
"T=30, dt=0.5",248,True,,0.7420952310166219,1.5224473681090411,0.6187334306779569,0.9340407424669459
"T=30, dt=0.5",249,True,,0.7153866236222782,1.5912547696680517,0.8089482566862513,0.9689126937407271
"T=30, dt=0.5",250,True,,0.5789572195732002,1.2283317724631355,0.8458020139718171,1.1972338492832413
"T=30, dt=0.5",251,True,,1.256114280563877,1.69977894749646,0.8369310703051926,0.5518185656234936
"T=30, dt=0.5",252,True,,1.2149273110783194,1.6908698162049483,0.8742083309631739,0.5705256390563287
"T=30, dt=0.5",253,True,,0.4366402520094915,1.4303562681935362,0.6053259633989083,1.587455983203486
"T=30, dt=0.5",254,True,,0.8092926377307034,1.7014386751977184,0.8024815706459876,0.8564852171441524
"T=30, dt=0.5",255,True,,0.7539143759291478,2.02648917779199,0.7885565353310751,0.9193977495198827
"T=30, dt=0.5",256,True,,0.6318769397823126,1.5749401660805822,0.7222286189802629,1.0969654641910827
"T=30, dt=0.5",257,True,,0.5768727563217945,1.369246605113083,0.7040141883142579,1.2015599158808081
"T=30, dt=0.5",258,True,,2.109517396203169,1.3979555940683166,1.0414712674828421,0.3285809265225836
"T=30, dt=0.5",259,True,,0.3286527806788908,1.2293534301502382,0.6463437631317174,2.109056187287162
"T=30, dt=0.5",260,True,,0.8459633061218612,1.476898815315978,0.676654413603484,0.8193584468072629
"T=30, dt=0.5",261,True,,0.7170181060343533,1.4760473986131069,0.7255181835985159,0.9667080576159616
"T=30, dt=0.5",262,True,,2.1765281699901955,1.3722160086200956,1.114875567073372,0.31846460345287775
"T=30, dt=0.5",263,True,,0.8765720987270017,1.2960380317908777,0.9637727818169228,0.7907474827986944
"T=30, dt=0.5",264,True,,1.0743424283306873,1.9120932105877868,0.8809541300074938,0.6451827297158477
"T=30, dt=0.5",265,True,,0.7399484987427505,1.5867933743780975,0.8377170135809338,0.9367505735029863
"T=30, dt=0.5",266,True,,1.0321876865942847,1.4638112817117128,0.7643822339167553,0.6715321152948379
"T=30, dt=0.5",267,True,,1.0021029028327542,1.3481785384607665,0.8124972876405403,0.6916926181937505
"T=30, dt=0.5",268,True,,0.744266723490953,1.9246037970844803,0.791662127491577,0.9313155602453465
"T=30, dt=0.5",269,True,,0.43397722144838613,1.2100617305730377,0.8127675867545949,1.5971971483816296
"T=30, dt=0.5",270,True,,0.945917475281287,1.5248817117860187,0.9266468601906694,0.7327776456966549
"T=30, dt=0.5",271,True,,0.718484266430326,2.1193224311245737,0.7595753801395718,0.9647353643577138
"T=30, dt=0.5",272,True,,0.9302127202160939,1.1468376546410555,0.8171587306394019,0.7451491099787617
"T=30, dt=0.5",273,True,,0.493409691115941,1.0990606332347634,0.7414452862001398,1.4048106331115213
"T=30, dt=0.5",274,True,,0.6506280776394107,1.307745432346305,0.717990154789498,1.06535085770476
"T=30, dt=0.5",275,True,,0.5963161810159869,1.659245793362951,0.9787405023871218,1.1623819755804385
"T=30, dt=0.5",276,True,,0.3826230298690682,1.57399078332884,0.7736002059299282,1.8115668071447162
"T=30, dt=0.5",277,True,,0.9372493612249311,1.1344872680249827,0.8048201376662232,0.7395547110899513
"T=30, dt=0.5",278,True,,0.769419117966616,1.7541991232429557,0.8297963109721571,0.9008707535000708
"T=30, dt=0.5",279,True,,0.7398849172819028,1.0993064922890678,0.8308193259465899,0.9368310724677876
"T=30, dt=0.5",280,True,,0.7553528920858857,1.3672376116602516,0.7498897341903337,0.9176468215350826
"T=30, dt=0.5",281,True,,1.921286138766338,1.484230470939399,0.889698627417273,0.360772488061053
"T=30, dt=0.5",282,True,,0.6356913923426679,1.2413196366467008,0.784178706459154,1.0903831464596991
"T=30, dt=0.5",283,True,,1.264238855545544,1.459026797223005,0.8748537212547347,0.5482723280648091
"T=30, dt=0.5",284,True,,1.0254972169401024,1.7598948013305478,0.8520981053522563,0.6759132732004585
"T=30, dt=0.5",285,True,,0.9021432880257844,1.2514854557331212,0.8478023278055116,0.768333799918638
"T=30, dt=0.5",286,True,,0.6938612188376229,1.7121420241497902,0.7298276052164011,0.9989709206130964
"T=30, dt=0.5",287,True,,0.6425676751678124,1.5309670528222505,0.7051333953619342,1.0787146744954508
"T=30, dt=0.5",288,True,,1.2495007338679456,1.346491735948272,0.8251120984009426,0.5547393144894311
"T=30, dt=0.5",289,True,,0.6335517637087241,1.472287980083886,0.9218040590509852,1.094065584321568
"T=30, dt=0.5",290,True,,0.6498041903449671,1.3731719781632858,0.8531047020078911,1.066701616977829
"T=30, dt=0.5",291,True,,1.1999122721405404,1.428048780000254,0.8868444230920683,0.5776648815529074
"T=30, dt=0.5",292,True,,1.472952734144701,1.618917875884996,0.8826647028595137,0.47058345084130265
"T=30, dt=0.5",293,True,,0.7495798612951629,1.7063972689352624,0.6749210484015571,0.9247142517440233
"T=30, dt=0.5",294,True,,0.7730094718911813,1.6297847793471185,0.9126062769104721,0.8966865294213646
"T=30, dt=0.5",295,True,,0.7932880273457412,1.579221254006124,0.7687309663459267,0.8737648327797701
"T=30, dt=0.5",296,True,,0.8758483165636226,1.5173668052486304,0.9051691835991881,0.791400939468032
"T=30, dt=0.5",297,True,,0.6299229495118741,1.6190132990535637,0.6432987722692229,1.100368197566168
"T=30, dt=0.5",298,True,,0.46849400219541065,1.8018437580938707,0.8453153093337857,1.4795219945437657
"T=30, dt=0.5",299,True,,1.1880365299607707,1.174925790243579,0.8250083244879965,0.5834392824459979
"T=30, dt=0.5",300,True,,0.873296064036382,1.5496126675592563,0.7634002352041543,0.7937138492943767
"T=30, dt=0.5",301,True,,1.197643880489859,1.6656651945253307,0.8713281723365982,0.5787590049526533
"T=30, dt=0.5",302,True,,0.9322556804679599,1.4448481247135871,0.8893734086552998,0.7435161781068574
"T=30, dt=0.5",303,True,,0.5221850486324197,1.3109105500932805,0.670825064880067,1.3273976004775858
"T=30, dt=0.5",304,True,,0.645894932559207,1.5059215193018696,0.7502028019800691,1.0731577933480796
"T=30, dt=0.5",305,True,,1.0943914729267081,1.7517367037037275,0.9489037266134863,0.6333631042521525
"T=30, dt=0.5",306,True,,0.6319006237944895,1.490039433808833,0.8085197499539256,1.0969243492713734
"T=30, dt=0.5",307,True,,0.39785550308281287,1.8464707501109519,0.7244529842006611,1.7422083525024612
"T=30, dt=0.5",308,True,,1.0466941595785306,1.5619255002908718,0.862884662597974,0.662225134454799
"T=30, dt=0.5",309,True,,0.8064055363095537,1.6056752918914818,0.7952369590871028,0.859551614355321
"T=30, dt=0.5",310,True,,0.5965375954380907,1.2081076445114636,0.8220783203351503,1.161950539011553
"T=30, dt=0.5",311,True,,0.5008539572001228,1.3204943130089002,0.7310493064840858,1.3839307259041764
"T=30, dt=0.5",312,True,,0.9475416876970507,1.2323874343100045,0.8128222200370401,0.7315215673988997
"T=30, dt=0.5",313,True,,1.346630369707894,1.5534572023500797,0.9709895959274373,0.5147271264276478
"T=30, dt=0.5",314,True,,1.2409581201372697,1.402562200833465,0.7610155811194651,0.5585580764669739
"T=30, dt=0.5",315,True,,1.151792937100864,1.5192379440065031,0.771532166621373,0.6017984294161769
"T=30, dt=0.5",316,True,,0.7060662963244544,1.6024986728796653,0.807190841669069,0.9817026873655326
"T=30, dt=0.5",317,True,,0.44094409231628473,1.3053853774848312,0.7476902639338293,1.5719615993012508
"T=30, dt=0.5",318,True,,1.1236859257914462,1.2532918939756372,0.7937343433709794,0.6168513502309292
"T=30, dt=0.5",319,True,,0.9359065712893208,1.4645531296212722,0.6549627945166002,0.740615785617419
"T=30, dt=0.5",320,True,,0.6849552184638472,1.842284466729883,0.7446095039342376,1.011959850622746
"T=30, dt=0.5",321,True,,0.6370772418654966,1.5204180462405066,0.7629018692614318,1.0880112096458885
"T=30, dt=0.5",322,True,,1.5573401657336918,1.473139460613893,0.957430754403557,0.44508399372939234
"T=30, dt=0.5",323,True,,0.9569603617553839,1.503436535160865,0.9533077489760665,0.7243217256025971
"T=30, dt=0.5",324,True,,0.8384663687420133,1.5124839801734247,0.7061151349417782,0.8266845354810157
"T=30, dt=0.5",325,True,,1.0507380857669868,1.0380589294465066,0.9382776050045097,0.6596764597658817
"T=30, dt=0.5",326,True,,1.635934972657036,1.3945699170998624,0.9859836407412871,0.4237009368619076
"T=30, dt=0.5",327,True,,0.5756421142530875,1.0321357277094232,0.7856945015019176,1.204128682383366
"T=30, dt=0.5",328,True,,0.7270310072493487,1.8851691641472914,0.7918063344178187,0.9533942481798685
"T=30, dt=0.5",329,True,,0.4827937058337147,1.6267091412483332,0.7454025744804175,1.4357005325141525
"T=30, dt=0.5",330,True,,0.8584474554462715,1.6104443878435395,0.7569032930404724,0.8074427574598687
"T=30, dt=0.5",331,True,,0.5154093158658082,1.4216992755734563,0.7109963704222089,1.3448479862952514
"T=30, dt=0.5",332,True,,0.7621497089841148,1.6504307563732448,0.8440113243571956,0.9094632883660817
"T=30, dt=0.5",333,True,,0.5227328935255001,1.246780120839823,0.7390780977859293,1.326006434921494
"T=30, dt=0.5",334,True,,0.7441213244644174,1.5612624264042685,0.7716492291106983,0.9314975364519209
"T=30, dt=0.5",335,True,,0.8008071130408468,1.680799441925542,0.8039652650609742,0.8655607190199743
"T=30, dt=0.5",336,True,,0.61469795350289,1.3745075995070428,0.6571957832981685,1.1276223983014877
"T=30, dt=0.5",337,True,,0.8591034266657286,1.1880727933081516,0.7675312749023314,0.8068262319126381
"T=30, dt=0.5",338,True,,0.37833266750793,1.2433981283228197,0.7041832966379032,1.8321103094947957
"T=30, dt=0.5",339,True,,1.1932374404003852,1.516829730436531,0.8942982947507135,0.5808962718496019
"T=30, dt=0.5",340,True,,1.117629800648894,1.3509733145382041,0.8379202153596941,0.6201938961877226
"T=30, dt=0.5",341,True,,0.3617645349799115,1.3727290298493644,0.6460579834508713,1.9160175018218277
"T=30, dt=0.5",342,True,,0.6443392009531261,1.4711673405617443,0.8813132367547779,1.0757488905449504
"T=30, dt=0.5",343,True,,1.1447340626753963,1.4450975035894291,0.7866971911965543,0.605509352049827
"T=30, dt=0.5",344,True,,0.7887661069891926,1.4907433291378995,0.7738540250468648,0.8787740426699681
"T=30, dt=0.5",345,True,,0.8842825459028165,1.1198903367573536,0.8134878648448298,0.7838526088426524
"T=30, dt=0.5",346,True,,1.1678125589965098,1.3343803353157617,0.8652233668517163,0.5935431805559276
"T=30, dt=0.5",347,True,,0.5535020217497021,1.7180379320024548,0.7240061313156468,1.252293854986842
"T=30, dt=0.5",348,True,,1.2888814841455936,2.040894852330199,0.9358656211068388,0.5377896952406266
"T=30, dt=0.5",349,True,,0.7606852912071294,1.8657154601617287,0.7303423964682879,0.9112141230705171
"T=30, dt=0.5",350,True,,0.971878834124127,1.7670797945831982,0.9035926599612125,0.7132032885402024
"T=30, dt=0.5",351,True,,0.7397665596939991,1.707719571024756,0.786908813274352,0.9369809590293758
"T=30, dt=0.5",352,True,,1.0397157998124194,1.1912804404195563,0.7086861138587653,0.6666698540937819
"T=30, dt=0.5",353,True,,0.5396902171126075,1.3497909263391683,0.7833473604450323,1.2843426813781187
"T=30, dt=0.5",354,True,,0.8042979727771176,1.5951477656631454,0.7401413287787394,0.8618039632334449
"T=30, dt=0.5",355,True,,0.6448273442703063,1.4447106923879087,0.7558960196816973,1.0749345335910316
"T=30, dt=0.5",356,True,,0.9246734895246599,1.5676552482713626,0.8128912308574063,0.7496129048928032
"T=30, dt=0.5",357,True,,1.0267081516788183,1.6344172285667802,0.7929302150026246,0.6751160779492673
"T=30, dt=0.5",358,True,,0.6700519107988917,1.2654625178956758,0.7833981991987565,1.034467881351935
"T=30, dt=0.5",359,True,,1.2033975856393275,1.5151243635577512,0.7561080387972866,0.5759918324846047
"T=30, dt=0.5",360,True,,0.7789684123879521,1.0981247715257616,0.9302671810129033,0.8898270706960772
"T=30, dt=0.5",361,True,,0.9306317863515764,1.5859200904125126,0.7579824734572553,0.7448135672190401
"T=30, dt=0.5",362,True,,0.9993136209586471,1.2035332342774852,0.9165474749715804,0.6936232690344052
"T=30, dt=0.5",363,True,,1.0302067206485812,1.8356817385377753,0.851664780186019,0.6728233923028232
"T=30, dt=0.5",364,True,,1.3240382760693907,1.6645290386183034,0.8268973249733926,0.5235099264786047
"T=30, dt=0.5",365,True,,1.6027072007368903,1.492342518457521,0.9734794468479631,0.4324852226540513
"T=30, dt=0.5",366,True,,0.9545669893610508,1.5649806453644788,0.8322148907541047,0.7261378072836046
"T=30, dt=0.5",367,True,,0.7480552815220017,1.6942846419928086,0.812659915700695,0.9265988726791157
"T=30, dt=0.5",368,True,,1.7283528467843772,1.5662317119309284,0.8782328823744762,0.40104494973324145
"T=30, dt=0.5",369,True,,0.8064938892932427,1.2849313825049529,0.8101132498470757,0.8594574487940301
"T=30, dt=0.5",370,True,,1.2823524907433796,1.511434821954405,0.9267068312402909,0.5405278077310303
"T=30, dt=0.5",371,True,,1.036481288618998,1.3569550551559448,0.87939579724924,0.6687503075752489
"T=30, dt=0.5",372,True,,1.0379865874146668,1.7460070113079182,0.9252971702897244,0.6677804790198497
"T=30, dt=0.5",373,True,,0.901979077106437,1.5452713731323247,0.8194436625773878,0.7684736798813253
"T=30, dt=0.5",374,True,,0.7913258198784324,1.5152432091044714,0.8158966668983354,0.8759314597701743
"T=30, dt=0.5",375,True,,0.6429313239604235,1.5202795534040223,0.7619430900452595,1.0781045420064381
"T=30, dt=0.5",376,True,,0.8574177921775736,1.3961598911890516,0.8444747804450344,0.8084124062781199
"T=30, dt=0.5",377,True,,0.6602320580615958,1.1708898996460422,0.9217435153981015,1.0498538689487245
"T=30, dt=0.5",378,True,,0.6356349623338656,1.624965445587267,0.687916042140639,1.0904799478224287
"T=30, dt=0.5",379,True,,0.819955639062845,1.4487296041249533,0.7825125354057784,0.845347171893551
"T=30, dt=0.5",380,True,,1.0797468822072431,1.5421847427279867,0.7542049861344896,0.6419533985066926
"T=30, dt=0.5",381,True,,0.6352800258541903,1.8156315451198102,0.8767871496725013,1.0910892084603911
"T=30, dt=0.5",382,True,,0.4523804408616824,1.8115527572501402,0.8343195226226181,1.5322218158673189
"T=30, dt=0.5",383,True,,1.9860713712483706,1.4442180683135588,0.9867743484705048,0.3490041650035259
"T=30, dt=0.5",384,True,,0.8840407555589286,1.7188172486267572,0.9126001075882191,0.7840669971394111
"T=30, dt=0.5",385,True,,0.38125851884919315,1.4826154187811724,0.6939062936052576,1.8180503419364111
"T=30, dt=0.5",386,True,,0.5592872637735437,1.0949402615966386,0.6877366748235187,1.2393401842967797
"T=30, dt=0.5",387,True,,0.5382913912504169,1.5046886850360284,0.7644842410951176,1.2876802264101013
"T=30, dt=0.5",388,True,,1.003712087636066,1.8248830425010567,0.7510255126582099,0.6905836734440846
"T=30, dt=0.5",389,True,,1.00164722011161,1.2320226655067954,0.8181574564074061,0.6920072922308019
"T=30, dt=0.5",390,True,,0.487233279814446,1.7929079749986907,0.7579073465132395,1.4226187111519104
"T=30, dt=0.5",391,True,,0.6853697340863402,1.3659110352759785,0.6969946495985685,1.0113478113882184
"T=30, dt=0.5",392,True,,0.7104019850600766,1.4607141488437896,0.7381715313199902,0.9757112101838059
"T=30, dt=0.5",393,True,,0.4444621745354126,1.465940012110768,0.8174996406573867,1.5595189428312504
"T=30, dt=0.5",394,True,,0.7267781784335082,1.631387036646044,0.7166630682172935,0.953725911328198
"T=30, dt=0.5",395,True,,0.5252034018735171,1.6965844575885158,0.7913420499444236,1.319769022986781
"T=30, dt=0.5",396,True,,0.3209975971003287,1.3117390584828976,0.6680746263152542,2.159353175292774
"T=30, dt=0.5",397,True,,0.5287077675844672,1.1550632324932817,0.7088626016183356,1.3110213676768177
"T=30, dt=0.5",398,True,,1.370330272927527,1.3733159634469352,0.9605702361603189,0.505824905319452
"T=30, dt=0.5",399,True,,0.4026648171767593,1.8166965189423445,0.7946085620391209,1.7213999112707974
"T=30, dt=0.5",400,True,,0.9211524564332227,1.20059061152601,0.7381272665809789,0.7524782414887842
"T=30, dt=0.5",401,True,,0.9057281752446918,1.2298116008736362,0.702530876670732,0.7652927219280602
"T=30, dt=0.5",402,True,,0.7661445600983151,2.0159150561392356,0.9067039703841274,0.9047211409697897
"T=30, dt=0.5",403,True,,0.5838569204462084,1.665189975936101,0.8735217481344,1.1871867169617731
"T=30, dt=0.5",404,True,,1.0405265914896102,1.494541457513677,0.836744245886389,0.6661503763855192
"T=30, dt=0.5",405,True,,0.8792705955254945,1.5811496327632584,0.8171528934125861,0.7883206649776422
"T=30, dt=0.5",406,True,,0.5100408767048171,1.5531437594355715,0.7818743268086895,1.3590031940932055
"T=30, dt=0.5",407,True,,0.6246219886188322,1.4552763406976665,0.879605210768975,1.109706659691306
"T=30, dt=0.5",408,True,,1.34526278670021,1.5275481917109168,0.8905000869750894,0.5152503937614772
"T=30, dt=0.5",409,True,,0.6049507283853326,1.7102262362765985,0.822285088391984,1.1457911331225552
"T=30, dt=0.5",410,True,,0.5239533927250207,1.679348265092109,0.7971328437254595,1.3229176300490533
"T=30, dt=0.5",411,True,,0.7757028529057969,1.345676107614064,0.7331598107342212,0.8935730711359426
"T=30, dt=0.5",412,True,,1.0718158801414925,1.3619334725249144,0.7461122447269645,0.6467035928488404
"T=30, dt=0.5",413,True,,0.8418291809165767,1.560384594265471,0.78681720450578,0.8233822208506153
"T=30, dt=0.5",414,True,,0.45891182706487305,1.8129657915085273,0.7509482613649414,1.510414723876707
"T=30, dt=0.5",415,True,,0.7781305136394739,1.3830344827233672,0.6561210418634891,0.8907852454184781
"T=30, dt=0.5",416,True,,1.053142430640724,1.8062667296580432,0.9576481619049823,0.6581704054391196
"T=30, dt=0.5",417,True,,0.3720145827062741,1.4886173145285266,0.6842657319928689,1.8632258324863116
"T=30, dt=0.5",418,True,,1.0642206447852862,1.5658024822305887,0.8385092474037914,0.6513190511351079
"T=30, dt=0.5",419,True,,0.5689689173386432,1.5119717204605234,0.695543923413221,1.2182514008008503
"T=30, dt=0.5",420,True,,0.7108493734114344,1.4307884744745836,0.6267044485521087,0.9750971253353793
"T=30, dt=0.5",421,True,,0.5324761190595206,1.0830703433698337,0.7664297552327048,1.3017432251876533
"T=30, dt=0.5",422,True,,1.876696061981824,1.3865040497134264,1.0799878671691134,0.3693443997681594
"T=30, dt=0.5",423,True,,2.017211825068538,1.5982106902145836,1.0212431274548048,0.3436164571047934
"T=30, dt=0.5",424,True,,1.2236921573319293,1.1170595630352051,0.7136022717856122,0.5664391786830154
"T=30, dt=0.5",425,True,,1.6994781166557997,1.585951241454485,1.0185929141669992,0.40785884429268615
"T=30, dt=0.5",426,True,,0.5592457164165205,1.448866741765938,0.6251137956605842,1.239432257079098
"T=30, dt=0.5",427,True,,0.4148602933571614,1.3936012062559793,0.7853762594920882,1.6707966312003768
"T=30, dt=0.5",428,True,,0.7122914805547177,1.8299463720257318,0.7410334315174344,0.9731229412152126
"T=30, dt=0.5",429,True,,1.756506071800993,1.5114822613167587,0.9100909998874581,0.39461701367718177
"T=30, dt=0.5",430,True,,0.7654811945031359,1.4275654385205259,0.8299170824339872,0.9055051718283664
"T=30, dt=0.5",431,True,,1.345188576891205,1.5040535505226256,0.895587373870491,0.5152788184998132
"T=30, dt=0.5",432,True,,0.47014630295538945,1.5317289714954474,0.6616433061831584,1.4743223039354956
"T=30, dt=0.5",433,True,,0.9395054038553905,1.7073897587542584,0.8754848706127272,0.737778811825371
"T=30, dt=0.5",434,True,,0.7880750000275464,1.415662564470108,0.8260821694202767,0.8795446886853624
"T=30, dt=0.5",435,True,,0.8526265592275443,1.6377419872573238,0.8497291934434599,0.8129551830849806
"T=30, dt=0.5",436,True,,0.43850148006507766,1.2011178105118,0.8790876340361203,1.580717995426323
"T=30, dt=0.5",437,True,,0.45848759432289465,1.6343022510056753,0.7228484210758608,1.5118122914178331
"T=30, dt=0.5",438,True,,1.0794023133887403,1.1265442445332137,0.8664338887325893,0.6421583240671752
"T=30, dt=0.5",439,True,,0.47348900715798975,1.2324569930988243,0.6851592886411005,1.463913987613786
"T=30, dt=0.5",440,True,,1.4431891445584544,1.8397599394020112,0.8362946572356788,0.48028852155204826
"T=30, dt=0.5",441,True,,0.5033363958458396,1.5456437154507177,0.7736032390575912,1.3771052248171627
"T=30, dt=0.5",442,True,,0.6771762736853131,1.653931886954357,0.7699376648832648,1.0235845635697123
"T=30, dt=0.5",443,True,,0.7972297298859128,1.6833200528564618,0.7833498413560963,0.8694447216100908
"T=30, dt=0.5",444,True,,0.8854683042362651,1.4920368540844788,0.8396946190315148,0.7828029272688639
"T=30, dt=0.5",445,True,,0.6959416753046549,1.7667008826741946,0.8918264842407865,0.9959845848526224
"T=30, dt=0.5",446,True,,1.1990681473338427,1.8046522436560217,0.8983218834862634,0.578071548394622
"T=30, dt=0.5",447,True,,0.9094238779917319,1.410676257698525,0.8781859355368781,0.7621827371529023
"T=30, dt=0.5",448,True,,0.48371930348920117,1.9681229145355732,0.7421530078569907,1.432953317264957
"T=30, dt=0.5",449,True,,1.1750774556163692,1.2244327412504086,0.8368003234239079,0.5898736098178016
"T=30, dt=0.5",450,True,,0.6388412314190685,1.5347502650763543,0.7531080249979097,1.0850069570810985
"T=30, dt=0.5",451,True,,0.9032311377968995,1.8234703678095585,0.784635523112434,0.7674084202307542
"T=30, dt=0.5",452,True,,0.9102356971757336,1.2654041008484112,0.8175538341633773,0.7615029631452958
"T=30, dt=0.5",453,True,,0.49722845184900466,1.377137892535161,0.7812105785704907,1.3940215568565977
"T=30, dt=0.5",454,True,,0.9343690120388,1.500233095817476,0.7060374847355679,0.7418345125203726
"T=30, dt=0.5",455,True,,2.045169776981905,1.933228128733113,1.24214341137224,0.33891913931118006
"T=30, dt=0.5",456,True,,0.7274741241703999,1.1307362527014189,0.866020972038074,0.9528135194504677
"T=30, dt=0.5",457,True,,0.9444228551552002,1.365426869220314,0.7785012259896792,0.7339373213771262
"T=30, dt=0.5",458,True,,0.7740898499932888,1.4354255613306492,0.739072094417147,0.8954350461589888
"T=30, dt=0.5",459,True,,1.1313414069791927,1.5504573804273527,0.7531078279668767,0.6126772840487871
"T=30, dt=0.5",460,True,,1.1861486124545544,1.4003726330304707,0.8208907520904544,0.5843679057429259
"T=30, dt=0.5",461,True,,0.4903108870506368,1.5017546055988324,0.6215423597693974,1.4136891487958345
"T=30, dt=0.5",462,True,,0.9249371283130515,1.3892312550008357,1.0394160437773254,0.7493992395181964
"T=30, dt=0.5",463,True,,1.4075697342045375,1.3405780078859568,0.9741673252510998,0.492442515433642
"T=30, dt=0.5",464,True,,0.8353127497004884,1.1813927037824485,0.7393710973784194,0.8298055797765348
"T=30, dt=0.5",465,True,,0.9838806536572877,1.334087079700345,0.8122717271977099,0.704503313469346
"T=30, dt=0.5",466,True,,2.2123315025521904,1.3571719875157424,0.9840274778070626,0.31331072208677435
"T=30, dt=0.5",467,True,,0.7676503526623621,1.3900175378008197,0.6631525415774803,0.9029464757698277
"T=30, dt=0.5",468,True,,0.727688408269387,1.2683290431789909,0.8521942092837548,0.9525329422361024
"T=30, dt=0.5",469,True,,0.9849552264712957,1.038683398891296,0.8012819304275455,0.7037347098945979
"T=30, dt=0.5",470,True,,0.3459396081257223,1.7557002522677665,0.8403769799359572,2.003665276478084
"T=30, dt=0.5",471,True,,0.8390002848410317,1.623141524050524,0.8011833433870296,0.8261584567772564
"T=30, dt=0.5",472,True,,1.147932588835881,1.4794958493038801,0.8322048158410473,0.6038221994053381
"T=30, dt=0.5",473,True,,0.9643420106841611,1.5383053581263229,0.7951595768175472,0.7187773350952384
"T=30, dt=0.5",474,True,,0.6127517736337212,1.8417990596953315,0.8146797128512328,1.13120387469377
"T=30, dt=0.5",475,True,,1.1234874583148404,1.6003891031148896,0.7459590469902756,0.6169603188981049
"T=30, dt=0.5",476,True,,1.0132806772223746,1.9207054145166584,0.8165845486678467,0.6840623690367947
"T=30, dt=0.5",477,True,,0.7262905353284356,1.2861269202178784,0.6654082914215147,0.954366258189634
"T=30, dt=0.5",478,True,,1.1341373015888339,1.4472174584550435,0.7987668558829901,0.6111669015637724
"T=30, dt=0.5",479,True,,0.8616939852952763,1.0578871144959925,0.8245028247729941,0.8044006252665497
"T=30, dt=0.5",480,True,,0.7845808908652886,1.4363777266248698,0.9020607335001812,0.8834617164783302
"T=30, dt=0.5",481,True,,0.6238633661367967,1.5710826335951233,0.7375688677045324,1.111056071223064
"T=30, dt=0.5",482,True,,0.9914190897918371,1.678832739184273,0.8898334900889264,0.6991464938459896
"T=30, dt=0.5",483,True,,0.7278106449617231,1.2718536073604336,0.810718427566277,0.9523729631577443
"T=30, dt=0.5",484,True,,0.5241533660630857,1.5242374204143376,0.7235315562562498,1.3224129146897816
"T=30, dt=0.5",485,True,,0.8188451841176325,1.763032113909538,0.8205617224730097,0.8464935667990325
"T=30, dt=0.5",486,True,,0.8858214288475542,1.4131369807605276,0.8456394548801094,0.7824908700410687
"T=30, dt=0.5",487,True,,0.4456153190303419,1.6326864806417352,0.6438895341060227,1.5554832856021024
"T=30, dt=0.5",488,True,,0.3108261155563663,1.8345282426775869,0.7056263049841085,2.2300159023614845
"T=30, dt=0.5",489,True,,0.68422156338563,1.7117250969582032,0.8766711439648054,1.013044922364256
"T=30, dt=0.5",490,True,,0.49261720765607675,1.5585620341301363,0.6852364396453337,1.4070705809446056
"T=30, dt=0.5",491,True,,1.2007949228493593,1.3015908882262541,0.8739271406344156,0.5772402659025077
"T=30, dt=0.5",492,True,,0.5205828413546563,1.1836801977703588,0.8321486527470254,1.3314829562116253
"T=30, dt=0.5",493,True,,0.8746599040831593,1.0921572933547523,0.7940763767705591,0.7924762268444439
"T=30, dt=0.5",494,True,,0.8198379176894242,1.8492862552879317,0.7886415603407225,0.8454685561671318
"T=30, dt=0.5",495,True,,1.1990041883677491,1.3968313411602609,0.834746584126308,0.5781023846993841
"T=30, dt=0.5",496,True,,0.8863254111655932,1.6903310229714554,0.8286188193689129,0.7820459301154391
"T=30, dt=0.5",497,True,,0.7428716074472455,1.3974032709494117,0.7421089158205445,0.9330645748352533
"T=30, dt=0.5",498,True,,0.6802692365012393,1.141584383954365,0.8647704008681941,1.0189306576980313
"T=30, dt=0.5",499,True,,0.3780792617202238,1.1290599168175164,0.5675112230654291,1.833338272525695
"T=30, dt=1",0,True,,1.712174386080596,1.2711254565480214,1.3456806433365593,0.40483445272572677
"T=30, dt=1",1,True,,0.9141309444181134,1.586802579987804,0.959209793056131,0.7582580863195322
"T=30, dt=1",2,True,,0.5913915524981235,1.6169698778514598,0.6428799699546309,1.1720613485802955
"T=30, dt=1",3,True,,0.6996495226241312,1.4153444126202286,0.7610904952894171,0.9907062867136707
"T=30, dt=1",4,True,,0.5258250599601824,1.5284123164062204,0.7058837688271175,1.3182087225215802
"T=30, dt=1",5,True,,0.731281922010884,1.080207452566392,0.8261765227841462,0.9478522026825501
"T=30, dt=1",6,True,,0.6998543919481429,1.8605913980849913,0.7696781985328609,0.9904162759205852
"T=30, dt=1",7,True,,1.238040724992745,1.370708673933775,0.9773338592240145,0.5598742969977883
"T=30, dt=1",8,True,,0.7723002432080007,1.1827306421240165,0.9263269341843438,0.897509986117229
"T=30, dt=1",9,True,,2.3709811732112076,1.4540124451254446,0.9695022916904912,0.29234613433102935
"T=30, dt=1",10,True,,0.9827542189294532,1.8156565015755712,0.7753826504965898,0.7053108164877822
"T=30, dt=1",11,True,,0.9238136421069785,1.3873152834748648,0.9933281915093377,0.7503106134902456
"T=30, dt=1",12,True,,0.3588639380979133,1.4111805108279607,0.7457086605264999,1.9315041356170632
"T=30, dt=1",13,True,,0.9126972610869903,1.4083029486998946,0.942194804424619,0.7594491734690114
"T=30, dt=1",14,True,,0.7336005077949413,1.6646458951900038,0.686318370789785,0.9448564623318068
"T=30, dt=1",15,True,,0.4798223164587718,1.6573537666530709,0.7578476446757335,1.4445913763986071
"T=30, dt=1",16,True,,1.1132240044620214,1.872627692155195,0.7551480889952009,0.6226484317456996
"T=30, dt=1",17,True,,0.5572561111411861,1.48978613786646,0.804868994983007,1.2438574772028475
"T=30, dt=1",18,True,,0.5175472380751358,1.389092641533688,0.7072037976369286,1.339292589286925
"T=30, dt=1",19,True,,1.9472511895216953,1.5717845268042099,1.177978017389376,0.35596187296729986
"T=30, dt=1",20,True,,3.8358291011143892,1.6587590895492847,1.6174714428441366,0.18070335311825322
"T=30, dt=1",21,True,,0.696878255432957,1.2552612393052427,0.6686122515794248,0.9946460162246077
"T=30, dt=1",22,True,,0.47447253725410393,1.246300410908377,0.6528477068764311,1.460879452731592
"T=30, dt=1",23,True,,0.8299279196125052,1.8920294595486091,0.7783077836765667,0.8351896160856679
"T=30, dt=1",24,True,,1.3932753336090418,1.4838641911799444,1.032516074670063,0.4974947620471152
"T=30, dt=1",25,True,,0.9002518736909084,1.5690525753451348,0.8943738854989342,0.769948056556814
"T=30, dt=1",26,True,,1.004372927848276,1.5929669273094436,0.8302913194899553,0.6901292949471598
"T=30, dt=1",27,True,,0.3931336333474884,1.2958984804661398,0.6742381651563054,1.7631337585082087
"T=30, dt=1",28,True,,4.804990502979619,1.2613864681160845,1.5760458718625605,0.14425568169804254
"T=30, dt=1",29,True,,3.090903443040084,1.4390057473484221,1.3583413382113123,0.224253909361269
"T=30, dt=1",30,True,,0.525769004195025,1.2859739236869538,0.7477647925722645,1.3183492656079707
"T=30, dt=1",31,True,,1.2458039582690301,1.8903976445283586,1.0495402055736194,0.5563854376598961
"T=30, dt=1",32,True,,1.4903814038182606,1.3845131918445746,1.1935061197064991,0.4650804007512085
"T=30, dt=1",33,True,,1.0789339321737144,1.267440655156753,0.7156271031005768,0.6424370945155747
"T=30, dt=1",34,True,,0.7899319902387109,1.7879024332607993,0.8144733340484518,0.8774770348906644
"T=30, dt=1",35,True,,0.8387634527733814,1.5116707914166543,0.7098375327284598,0.8263917297159835
"T=30, dt=1",36,True,,0.622454682736765,1.8713972006600057,0.600014999692554,1.1135705132980356
"T=30, dt=1",37,True,,0.5506908976596858,1.269571111978732,0.6139818234906836,1.2586864673189027
"T=30, dt=1",38,True,,1.0266826395965445,1.1210193424241321,1.090005337092282,0.6751328539385173
"T=30, dt=1",39,True,,0.39475629802015266,1.3842258898646649,0.6619777294045004,1.7558863127360655
"T=30, dt=1",40,True,,0.3290017294779862,1.6393994684483548,0.5680127764748847,2.106819260979977
"T=30, dt=1",41,True,,0.7931248501177907,1.7124622907739284,0.6939354842311257,0.8739446008494158
"T=30, dt=1",42,True,,1.500745250951623,1.47521174292408,0.8535820505558995,0.4618686483401633
"T=30, dt=1",43,True,,0.807909646623247,1.2568251515441726,0.785656925518862,0.8579513605971102
"T=30, dt=1",44,True,,0.8131601057972616,1.6182947374916528,0.6682357809131791,0.8524116906600455
"T=30, dt=1",45,True,,1.220966168696518,1.5083175860420266,0.8101280533657821,0.5677038384281663
"T=30, dt=1",46,False,"unconstrained AR(1) slope -0.199634 is outside (0, 1)",,,,
"T=30, dt=1",47,True,,0.7660086734691818,1.3126674549112924,0.8255365950220911,0.9048816345913505
"T=30, dt=1",48,True,,1.1704365936100574,1.614469781175732,0.8146067400390469,0.5922124994588764
"T=30, dt=1",49,True,,1.1561661209154739,1.4460186537216353,0.9418489906608611,0.599522134423986
"T=30, dt=1",50,True,,0.841005892263951,1.6445015029929984,0.7171969963269341,0.8241882571048622
"T=30, dt=1",51,True,,1.487243898715174,1.5407508199705975,1.1785003920021415,0.4660615391723935
"T=30, dt=1",52,True,,0.7108658353597654,1.4033939690091835,0.866641519164387,0.9750745444239097
"T=30, dt=1",53,True,,0.8917221650606412,1.3215283383653578,0.7256582775312355,0.7773129431102659
"T=30, dt=1",54,True,,0.6891994461667653,1.5920939434496657,0.769110218818909,1.0057279999499953
"T=30, dt=1",55,True,,0.36228662833224484,0.9317963874933326,0.6985608787228497,1.913256317934748
"T=30, dt=1",56,True,,1.4030931742532173,1.2047523909101372,0.9602180815845284,0.49401365018318627
"T=30, dt=1",57,True,,1.0832132678573356,1.4142941205018178,0.881756141397443,0.6398990864754032
"T=30, dt=1",58,True,,0.8829653896957174,1.5455189035891714,0.7532975868941885,0.7850219143910203
"T=30, dt=1",59,True,,0.47038860215964534,1.885144005375316,0.7493365818612044,1.4735628741376217
"T=30, dt=1",60,True,,1.2125591115430088,1.6906837884718926,1.0548878998764917,0.5716399093136992
"T=30, dt=1",61,True,,0.9515581489434204,1.7017690015335354,0.7510715348383876,0.7284338653708065
"T=30, dt=1",62,True,,0.7000432986766809,1.178578916705949,0.7654422732739092,0.9901490120257253
"T=30, dt=1",63,True,,1.0088326451455445,1.3471267767706048,1.0734508911593381,0.6870784603326796
"T=30, dt=1",64,True,,0.4733626993736465,1.8245337134834017,0.7441128673739928,1.4643046050673565
"T=30, dt=1",65,True,,0.937166914757632,1.364897265468962,0.9930206914653952,0.7396197727906404
"T=30, dt=1",66,True,,0.6061655218675958,1.4271174075875745,0.7868837855074217,1.1434948962856863
"T=30, dt=1",67,True,,0.7789036056205817,1.6274147560943124,0.6400553989055497,0.8899011065787645
"T=30, dt=1",68,True,,2.5615178331117994,1.6817721243557626,1.025609838600257,0.2706001775977846
"T=30, dt=1",69,True,,0.8814209436525182,1.6071061941369666,0.7355936512060763,0.7863974478387299
"T=30, dt=1",70,True,,0.8528933967529619,1.4605506463310354,0.8673687082561636,0.8127008406898398
"T=30, dt=1",71,True,,1.0111462836332,1.5670097045223434,0.9197188764191679,0.6855063325450436
"T=30, dt=1",72,True,,0.840652382492704,1.3208798852112449,0.9582970718292256,0.8245348434089058
"T=30, dt=1",73,True,,0.5748492245888013,1.602060061227563,0.6988956909379545,1.2057895373447958
"T=30, dt=1",74,True,,0.486855620610041,1.5825157097702374,0.6930960909762437,1.4237222519715729
"T=30, dt=1",75,True,,1.3605549562304824,1.2890447243328031,1.0334276869353067,0.5094591566373479
"T=30, dt=1",76,True,,0.7279528111744283,1.84371488379091,0.8042130358528152,0.9521869686053824
"T=30, dt=1",77,True,,0.5086055286915308,1.2850556450192088,0.7191050812380881,1.3628384700087266
"T=30, dt=1",78,True,,0.5643640211321196,1.4707883044796541,0.7536113562241569,1.228191653978022
"T=30, dt=1",79,True,,0.8869368994823943,1.6772810273128027,0.8871567654840249,0.781506757655993
"T=30, dt=1",80,True,,1.4431151313231498,1.7715390947716483,0.8675341325680997,0.4803131541725427
"T=30, dt=1",81,True,,0.5590338100715266,1.410827126674243,0.6107248751170399,1.2399020740288664
"T=30, dt=1",82,True,,0.6250466885965896,1.1429824445269658,0.6968887654738873,1.1089526481873873
"T=30, dt=1",83,True,,0.9422921139953606,1.7431346686004874,0.7569545705310488,0.7355969239952251
"T=30, dt=1",84,True,,0.7524216350593467,1.628105196931623,0.7806007951856399,0.9212217568747526
"T=30, dt=1",85,True,,0.6369217643518439,1.4399686344061782,0.7492949392810884,1.0882768015712552
"T=30, dt=1",86,True,,0.7038612449198444,1.4343589389783968,0.6732183703285236,0.9847781584264961
"T=30, dt=1",87,True,,0.7020950548585442,1.6555777506417475,0.8162798366338506,0.9872554659989712
"T=30, dt=1",88,True,,1.5463168904483822,1.7355626906673998,0.8031210121788832,0.44825687725557656
"T=30, dt=1",89,True,,2.078515334724809,1.9392322975524687,1.165010000209541,0.33348186995777757
"T=30, dt=1",90,True,,0.3543615946134124,1.5494843473927675,0.6793532052110256,1.9560448736441882
"T=30, dt=1",91,True,,0.6742974137507398,1.4872926047762367,0.9897297166396695,1.0279546776019126
"T=30, dt=1",92,True,,0.45357466104419375,1.6009696757320213,0.6873786702064043,1.528187617368707
"T=30, dt=1",93,True,,0.32218853355171806,1.3725641444512373,0.5661029773168453,2.151371350553295
"T=30, dt=1",94,False,"unconstrained AR(1) slope -0.0293043 is outside (0, 1)",,,,
"T=30, dt=1",95,True,,1.6652329119275229,1.3173166539974368,0.8721347997341311,0.4162463854726609
"T=30, dt=1",96,True,,1.0661104160349903,1.871684853569812,0.912214136493978,0.6501645328050109
"T=30, dt=1",97,True,,1.5188283416514379,1.57214477045151,1.0137701101578134,0.45636966439951937
"T=30, dt=1",98,True,,0.6344189661785532,1.7338368817112357,0.7917895127121184,1.092570079887655
"T=30, dt=1",99,True,,0.8570246770432607,1.8094814098521268,0.6814844783234882,0.8087832230821013
"T=30, dt=1",100,True,,0.6143699145349528,1.4530078876426413,0.85337126414849,1.1282244852185233
"T=30, dt=1",101,True,,1.1788679211557032,1.7272042380667927,0.9253844999106451,0.5879769634247223
"T=30, dt=1",102,True,,0.9998454365247819,1.6565180707723282,0.7236280284691035,0.6932543323587647
"T=30, dt=1",103,True,,1.0254754884924102,1.7798378971882387,0.6567771572344132,0.6759275948945077
"T=30, dt=1",104,True,,0.7686964987327478,1.3071460558094432,0.6891213214367333,0.9017176241893243
"T=30, dt=1",105,True,,1.6760482206697846,1.9785928201906429,1.0027915067125857,0.41356040477340733
"T=30, dt=1",106,True,,0.7809949058013391,1.2298486114195202,0.8975745482158272,0.8875181840638797
"T=30, dt=1",107,True,,0.9577403980921438,1.7269792411658695,0.9576598620270939,0.7237317982416962
"T=30, dt=1",108,True,,0.9248487963198434,1.812402613065846,0.8687540328870433,0.7494708143840542
"T=30, dt=1",109,True,,1.550074804741041,1.379996724106849,0.9744763251843539,0.4471701484598635
"T=30, dt=1",110,True,,1.2027443178425479,1.6142254240386065,1.0149710756433776,0.5763046811173426
"T=30, dt=1",111,True,,0.5889822384563348,1.2930152328792464,0.7203090722313481,1.1768558290936186
"T=30, dt=1",112,True,,0.8790161693427749,1.237116231628431,0.7819182670295627,0.7885488398674161
"T=30, dt=1",113,True,,0.6503848791499919,1.552246880147382,0.7648003031921601,1.065749224468196
"T=30, dt=1",114,True,,0.9948217833895517,1.4304388492988354,0.7590302538179242,0.6967551295451712
"T=30, dt=1",115,True,,1.1004444839817593,1.4466596458588894,1.0078584893592029,0.6298792811900129
"T=30, dt=1",116,True,,0.6893786070678677,1.4840523380090118,0.5756419290175351,1.005466623787626
"T=30, dt=1",117,True,,0.5281113536155453,1.5949466961732082,0.8813677949150626,1.312501948338234
"T=30, dt=1",118,True,,1.6843001275094975,1.138472323433588,0.9456428135620222,0.411534244543977
"T=30, dt=1",119,True,,1.7912964908533815,1.5291419132824327,1.0583508621965958,0.38695279318597164
"T=30, dt=1",120,True,,0.8223884469749445,1.4180036104225926,0.7880954065210081,0.8428464469674916
"T=30, dt=1",121,True,,1.083530196734176,1.5964406380597558,0.906202154698276,0.6397119181810824
"T=30, dt=1",122,True,,0.9606358677713824,1.3865432168964666,0.932090654702,0.7215503853380003
"T=30, dt=1",123,True,,0.4349784361782247,1.9890360134557088,0.8154464628882468,1.5935207884097053
"T=30, dt=1",124,True,,0.6109828422735666,1.128284274385928,0.7564452123781213,1.1344789617669653
"T=30, dt=1",125,True,,0.6051973269142782,1.3721045980421795,0.7692493973758293,1.1453242599303888
"T=30, dt=1",126,True,,0.9897654672220378,1.5546246395194743,0.887458121447991,0.7003145730123245
"T=30, dt=1",127,True,,1.7650811792754266,1.5738779223266512,1.1747372152685904,0.3926998875170632
"T=30, dt=1",128,True,,0.6290465319093603,1.4208064457701615,0.8030098386932522,1.101901282971895
"T=30, dt=1",129,True,,2.3822749049732495,1.8694999312165734,1.4438676911937531,0.2909601990571817
"T=30, dt=1",130,False,"unconstrained AR(1) slope -0.110452 is outside (0, 1)",,,,
"T=30, dt=1",131,True,,1.183463478276084,1.6429533839408101,0.9909492269918562,0.5856937651930182
"T=30, dt=1",132,True,,0.604199853079063,1.6840618565342422,0.7499418832058943,1.1472150763155566
"T=30, dt=1",133,True,,1.4406084769724452,1.5905366072870337,0.8499533463497534,0.4811488975940569
"T=30, dt=1",134,True,,0.9229233763725162,1.3629520047283434,0.8046685246400685,0.7510343743641106
"T=30, dt=1",135,True,,1.1607799543293147,1.6544900884961096,1.0279251740308415,0.5971391717911236
"T=30, dt=1",136,True,,0.388812204644706,1.1559663611891824,0.7487417564676431,1.782729997360393
"T=30, dt=1",137,True,,1.0970506077915203,1.6831078099928107,0.8465033392375615,0.6318278989474555
"T=30, dt=1",138,True,,0.48278469704999155,1.3729588168286555,0.7849171469092129,1.43572732274936
"T=30, dt=1",139,True,,2.5729073006345393,1.5470524138490105,1.2828531502809724,0.2694023140239055
"T=30, dt=1",140,True,,0.7680538555935947,1.6988241798077,0.6534892684343453,0.9024721059752282
"T=30, dt=1",141,True,,0.5746870118178208,1.2078469210827005,0.5969485334006199,1.206129886888199
"T=30, dt=1",142,True,,1.732604239088843,1.6640841880949166,1.0557640872025285,0.4000608822961576
"T=30, dt=1",143,True,,0.9488267685999098,1.4844075765642941,0.9228799611289085,0.730530802353684
"T=30, dt=1",144,True,,0.972700532808281,1.690192480120941,0.6701491132217039,0.712600802796686
"T=30, dt=1",145,True,,1.2467165912439142,1.3561421155253537,0.8827485062141742,0.5559781472614848
"T=30, dt=1",146,True,,1.0361967742915372,1.4211687100574981,0.7486633962167626,0.6689339300769973
"T=30, dt=1",147,True,,0.8925268630885771,1.5535075422184546,0.6818051702247871,0.7766121214114708
"T=30, dt=1",148,True,,1.4772980052358364,1.362271510221473,1.0335446908539807,0.4691992936450835
"T=30, dt=1",149,True,,0.7866493908136298,1.3924948777779018,0.9270625165762656,0.8811386478581323
"T=30, dt=1",150,True,,0.8482569303110538,1.1775987906874485,0.9382363025744311,0.8171429619864937
"T=30, dt=1",151,True,,1.1331027381066716,1.2012428256506253,0.8573013496224304,0.611724918887886
"T=30, dt=1",152,True,,1.1036957743286384,1.6037982440701732,0.8574255017298736,0.6280237694862756
"T=30, dt=1",153,True,,1.8906126545868436,1.5148571537099198,0.9940365251280598,0.36662569610876694
"T=30, dt=1",154,True,,0.5761905160075143,1.184978658134694,0.6280486124132403,1.2029826269318633
"T=30, dt=1",155,True,,0.3692864970445064,1.429782166003441,0.7540565976912422,1.876990320814268
"T=30, dt=1",156,True,,1.0170918929120583,1.2739130317151826,0.7990527171426846,0.6814990714117092
"T=30, dt=1",157,True,,0.8569630262409353,1.0785229292966132,0.8664788805618635,0.8088414077797877
"T=30, dt=1",158,True,,0.9623637096870593,1.6760861059986232,0.6516518391840264,0.720254903195947
"T=30, dt=1",159,True,,1.8898431096933108,1.1630436268400435,1.2459856565713774,0.3667749862433984
"T=30, dt=1",160,True,,0.4683805955713885,1.6656547934595705,0.875276476509331,1.479880223719257
"T=30, dt=1",161,True,,0.5576803722161064,1.1539419419542167,0.6987708299374779,1.242911199842881
"T=30, dt=1",162,True,,0.7253685325619279,1.3254106171379862,0.9319277311871057,0.9555793358057868
"T=30, dt=1",163,True,,0.9897913130159227,1.430989573860973,0.7550319439890146,0.7002962861412734
"T=30, dt=1",164,True,,0.8787243601570318,1.5318537069381974,0.9505397800009651,0.7888107033200683
"T=30, dt=1",165,True,,0.8405131193543122,1.3297089481015743,0.72044312510056,0.824671459134898
"T=30, dt=1",166,True,,0.9892620707484954,1.6159700497455836,1.1787228065924182,0.7006709354938639
"T=30, dt=1",167,True,,1.3322858865248306,1.5152452537823078,0.9394208484458761,0.5202691010770732
"T=30, dt=1",168,True,,1.234480362691362,1.6171816548045688,0.994466215792246,0.5614890293181942
"T=30, dt=1",169,True,,1.0880353007367993,1.5878037256175432,0.8285975572437547,0.6370631358105363
"T=30, dt=1",170,True,,1.0522568024522423,1.3450577644874773,0.7320826356500958,0.6587243522157268
"T=30, dt=1",171,True,,0.7332654640456067,1.2448874606319609,0.8158799868376327,0.9452881862670596
"T=30, dt=1",172,True,,1.177178152547819,1.6127000520908097,0.6926062446674963,0.5888209690773958
"T=30, dt=1",173,True,,0.9793369662372957,1.916105004237328,0.5047202308860462,0.7077718951252107
"T=30, dt=1",174,True,,0.9886234785624622,1.3180374009397295,0.8212141028098423,0.7011235273997709
"T=30, dt=1",175,True,,0.32144442808794876,1.5372887647049838,0.6194864111103734,2.156351518310645
"T=30, dt=1",176,True,,1.7242561410499948,1.3688449583286575,1.0806689904346067,0.40199780302817983
"T=30, dt=1",177,True,,3.3716735862286025,1.5602806857988225,1.342800543630168,0.20557956244372622
"T=30, dt=1",178,True,,0.5822590872162317,1.349022004064134,0.7738577392655333,1.1904445903521528
"T=30, dt=1",179,True,,0.42371370153021215,1.505475698088231,0.7141062553368764,1.6358856889845506
"T=30, dt=1",180,True,,0.4223095989627494,1.5703583256445397,0.7181896083598203,1.6413247112128408
"T=30, dt=1",181,True,,0.9150361217634966,1.5105286039732218,0.9210185985603391,0.7575079978526776
"T=30, dt=1",182,True,,0.5209710302094143,1.3021469140653852,0.6826388032134565,1.3304908341665784
"T=30, dt=1",183,True,,0.6284170915748445,1.596956374675463,0.7522809219860503,1.1030049784656302
"T=30, dt=1",184,True,,1.0696905282342133,1.729027002786619,1.028060424253239,0.6479885184214492
"T=30, dt=1",185,True,,0.6053872848284109,1.5285961348513966,0.8405560465726153,1.1449648810453772
"T=30, dt=1",186,True,,1.7379180246163384,1.3132189044985618,0.9282868175544623,0.3988376728602973
"T=30, dt=1",187,True,,0.5806355173856503,1.1618812143626647,0.6762082817700859,1.1937733049484918
"T=30, dt=1",188,True,,0.38157774981441145,1.296355440872983,0.625904498681889,1.816529346632691
"T=30, dt=1",189,True,,1.0606901445889045,1.8054207353703722,0.8203088920049376,0.6534869623292209
"T=30, dt=1",190,True,,5.507074147484257,1.3389189411015148,2.031806726247632,0.12586487161727955
"T=30, dt=1",191,True,,0.5139660682487829,1.7026460825982899,0.6925665528834617,1.3486244002871228
"T=30, dt=1",192,True,,0.5595284121451175,1.437930028791012,0.9059935728835009,1.2388060472256641
"T=30, dt=1",193,True,,1.5640042136824424,1.724491105806032,1.1030968515865491,0.4431875403506316
"T=30, dt=1",194,True,,0.550825708046427,1.3605121730013774,0.9557581872130941,1.2583784134155236
"T=30, dt=1",195,True,,1.1889927397796098,1.573215685462773,0.9980454186306598,0.5829700698495655
"T=30, dt=1",196,True,,1.2547167929188223,1.6113459296634791,1.0660600662497297,0.5524331741408283
"T=30, dt=1",197,True,,0.49053457825162033,1.5094849808537671,0.6830035294924446,1.4130444851216881
"T=30, dt=1",198,True,,1.2053469189033816,1.854706615680532,0.9175705146122551,0.5750603164029879
"T=30, dt=1",199,True,,0.5946120199112912,1.427535400186644,0.597399087233966,1.1657133682957743
"T=30, dt=1",200,True,,1.6174287661530944,1.6360889041442161,0.7849730712454628,0.42854881467734257
"T=30, dt=1",201,True,,3.8425600135919176,1.60579769682135,1.3093078966654426,0.1803868197524938
"T=30, dt=1",202,True,,0.5499734442711358,1.5069826487633664,0.8044551523367154,1.260328453637527
"T=30, dt=1",203,True,,0.780865020608859,1.5573410105811474,0.8706532662062516,0.8876658094115703
"T=30, dt=1",204,True,,0.7831608777746779,1.4790018015538795,0.8450424409765654,0.8850635932293973
"T=30, dt=1",205,True,,0.7046338828600034,1.7797092210272154,0.8934796535696488,0.983698339549845
"T=30, dt=1",206,True,,0.7644144169625491,1.706187830392024,1.0051449423953878,0.9067688483875163
"T=30, dt=1",207,True,,1.1533234131647572,1.9513169647144049,0.9398832025123267,0.6009998346066059
"T=30, dt=1",208,True,,0.5554873747795462,1.3365088421596374,0.6693574109910412,1.2478180639749579
"T=30, dt=1",209,True,,0.8472916779481108,1.4374293860465412,0.9788540085359497,0.8180738683029937
"T=30, dt=1",210,True,,0.6598258260429914,1.5396193741658861,0.5607050225411259,1.0505002277900877
"T=30, dt=1",211,True,,0.49253616961021873,1.2575786205252861,0.7405793937187143,1.407302089323684
"T=30, dt=1",212,True,,1.0088489401437102,1.5056690790853757,0.9332152533048234,0.6870673625936572
"T=30, dt=1",213,True,,2.47808868002832,1.4264034191333772,1.066785562537055,0.27971040186988944
"T=30, dt=1",214,True,,1.220980956637307,1.3642585425113372,0.9219634396636949,0.5676969626692097
"T=30, dt=1",215,True,,1.0772634609650849,1.4819729328345703,0.8746627820641222,0.6434332971239715
"T=30, dt=1",216,True,,0.6522860807453883,1.2065972999677808,0.8287609886893996,1.062642912397983
"T=30, dt=1",217,True,,1.333038189036661,1.1885974110868207,0.9370387500358328,0.5199754862693453
"T=30, dt=1",218,True,,1.69990560395684,1.588618752340249,0.8645728184345939,0.4077562771406359
"T=30, dt=1",219,True,,0.732767045534171,1.6704117599210018,0.739086752167172,0.9459311588646242
"T=30, dt=1",220,True,,0.963068601624695,1.515875836071839,1.051279153989782,0.7197277321580282
"T=30, dt=1",221,True,,1.8787531928444907,1.489836146072374,0.9801437187684902,0.36893998807288725
"T=30, dt=1",222,True,,0.463838173579585,1.3001901191780623,0.696605771384817,1.4943728654558779
"T=30, dt=1",223,True,,0.7664877665878933,1.2667297688508945,0.9204365261076202,0.9043160383962396
"T=30, dt=1",224,True,,0.4131009778404171,1.7445663813191217,0.9130723543868161,1.6779122242303464
"T=30, dt=1",225,True,,0.705110867000136,1.8142804484100892,0.8194371636336123,0.9830329002145581
"T=30, dt=1",226,True,,1.1595940303774237,1.1269778244009645,1.1147685614708418,0.5977498696973632
"T=30, dt=1",227,True,,1.8099698725376046,1.4926319067888343,1.1399556507736495,0.38296061778539037
"T=30, dt=1",228,True,,1.009046055870483,1.43173248561054,0.8034523898549387,0.6869331449514281
"T=30, dt=1",229,True,,0.7349075234241018,1.3981561046728688,1.0308679646091514,0.943176057486001
"T=30, dt=1",230,True,,0.8356994103732653,1.7533988403596843,0.7409556610873553,0.8294216460561471
"T=30, dt=1",231,True,,0.9298815260445108,1.3705404078823116,0.7923439250909835,0.7454145083497081
"T=30, dt=1",232,True,,0.40737046565939405,1.419398569518635,0.7323381436363119,1.7015155466363425
"T=30, dt=1",233,True,,0.6699588409873047,1.618781647865881,0.656207871924605,1.0346115882857347
"T=30, dt=1",234,True,,0.49130937196859326,1.3003263373459293,0.7438664825453128,1.4108161173124425
"T=30, dt=1",235,True,,0.8611137274550633,1.6798004154529425,0.9264883264156026,0.8049426672229154
"T=30, dt=1",236,True,,0.9178370199456682,1.742235121396936,0.8505201620923706,0.7551963643839257
"T=30, dt=1",237,True,,0.8977985157738679,1.6229715221877676,0.9218090465959402,0.7720520455109897
"T=30, dt=1",238,True,,0.5576353163571423,1.2904414011135614,0.9194767536298458,1.2430116246726621
"T=30, dt=1",239,True,,1.216421683228203,1.4829065681981737,0.8150945176403029,0.5698247491942393
"T=30, dt=1",240,True,,0.5029643146570535,1.3126521334998642,0.6988541271165508,1.3781239749236844
"T=30, dt=1",241,True,,1.33424164016676,1.7430152630782052,0.9496506924752023,0.5195064819542825
"T=30, dt=1",242,True,,1.1298334146580125,1.9860173694291916,0.8168014472832547,0.6134950264059529
"T=30, dt=1",243,True,,0.9542135026677058,1.2662717510539916,0.8514144922875119,0.7264068037416214
"T=30, dt=1",244,True,,1.8408524013139211,2.0157394500220245,1.1604902089529898,0.3765359895585364
"T=30, dt=1",245,True,,1.0965187000672594,1.3945763269034563,1.031716947416296,0.6321343908840117
"T=30, dt=1",246,True,,1.3360675555410582,1.5022945535351244,1.1319546717467899,0.518796506722481
"T=30, dt=1",247,True,,0.7914138172263248,1.6551701823356897,0.8703697431654891,0.8758340649007426
"T=30, dt=1",248,True,,0.8023473874784824,1.541012620365308,0.6294922329399897,0.8638990933070549
"T=30, dt=1",249,True,,0.8409891983776038,1.614358985381402,0.9668789833452837,0.8242046174875156
"T=30, dt=1",250,True,,0.7769085792439584,1.2117472038103645,0.9836801425280546,0.8921862868787924
"T=30, dt=1",251,True,,1.0091960262955746,1.6971174971694891,0.821008985325388,0.6868310640344668
"T=30, dt=1",252,True,,1.2948922891033798,1.7607277092780977,0.9369617738300806,0.5352933107972248
"T=30, dt=1",253,True,,0.3531129480149231,1.4528266684737197,0.5152237281654969,1.9629616655423574
"T=30, dt=1",254,True,,0.9266992352369775,1.7040772150724768,0.9140245636310144,0.7479742663030171
"T=30, dt=1",255,True,,0.8939593652606699,2.014971579343653,0.960389784123779,0.7753676593094702
"T=30, dt=1",256,True,,0.7275462966956693,1.5202719436158931,0.7773946057211911,0.9527190004375583
"T=30, dt=1",257,True,,0.8316248241713458,1.363332132643238,0.9214226437919582,0.8334854376799256
"T=30, dt=1",258,False,"unconstrained AR(1) slope -0.0487858 is outside (0, 1)",,,,
"T=30, dt=1",259,True,,0.3099364347329576,1.2195198201983466,0.6376060774135381,2.2364172226384533
"T=30, dt=1",260,True,,0.8857343892188031,1.51379163023892,0.5904093222781468,0.7825677641028309
"T=30, dt=1",261,True,,0.6597177115074222,1.505453587264371,0.6690913267390963,1.0506723837626526
"T=30, dt=1",262,False,"unconstrained AR(1) slope -0.0763452 is outside (0, 1)",,,,
"T=30, dt=1",263,True,,0.9824963523120798,1.3248526321223038,1.0268750690780937,0.7054959328131676
"T=30, dt=1",264,True,,1.0995999216330063,1.9840903375037033,0.6909771056435001,0.6303630683517678
"T=30, dt=1",265,True,,0.5904773757289421,1.6014553523725983,0.7516348278758438,1.1738759333569007
"T=30, dt=1",266,True,,1.8319172912643293,1.4305336294722237,0.9274773987689667,0.37837253017113986
"T=30, dt=1",267,True,,0.8616329066354217,1.362234746295435,0.6875246056703885,0.8044576468958295
"T=30, dt=1",268,True,,0.6019782527915278,1.9307245051162274,0.6816097115448903,1.1514488726887453
"T=30, dt=1",269,True,,0.3226230960871809,1.144599222685371,0.7040983448836845,2.1484735251956026
"T=30, dt=1",270,True,,1.137577843873408,1.580702467336812,1.101808409752533,0.6093184605282098
"T=30, dt=1",271,True,,0.9144579557060692,2.0694315511260086,0.8711011531928593,0.7579869322966893
"T=30, dt=1",272,True,,1.1343394775786628,1.1699283717426283,0.8525588446268453,0.6110579718511805
"T=30, dt=1",273,True,,0.3632697555192249,1.0912805566203718,0.6507886408793137,1.9080784183897266
"T=30, dt=1",274,True,,0.8141185229120708,1.2717984183288622,0.8281354532782983,0.8514081930977131
"T=30, dt=1",275,True,,0.6359690481472983,1.6380420225111754,1.0892354612476067,1.0899070993772701
"T=30, dt=1",276,True,,0.28729148344989036,1.556721300523569,0.7000394406436936,2.4126965834016607
"T=30, dt=1",277,True,,0.9002935694893563,1.1844184953703611,0.7035390267027968,0.7699123975228394
"T=30, dt=1",278,True,,0.5516052768281435,1.7505169041117845,0.6775499809361776,1.2565999813230577
"T=30, dt=1",279,True,,1.1707421301785639,1.113779140989105,1.035374368155649,0.5920579457187768
"T=30, dt=1",280,True,,1.390503833936597,1.3764523168160603,0.9838289342553215,0.4984863497985514
"T=30, dt=1",281,False,"unconstrained AR(1) slope -0.0486649 is outside (0, 1)",,,,
"T=30, dt=1",282,True,,0.7235740338054549,1.2111442761115434,0.8045266385834634,0.9579492189824899
"T=30, dt=1",283,True,,1.9580317660138753,1.469698341602182,1.0969537422707654,0.35400200987088243
"T=30, dt=1",284,True,,0.9580466822147711,1.851645743253835,0.861953664166889,0.7235004237555079
"T=30, dt=1",285,True,,1.099928876496248,1.2559183024268172,0.978622423041548,0.6301745461651308
"T=30, dt=1",286,True,,1.3779252999197606,1.6654296207317423,0.9103538600488057,0.5030368341450068
"T=30, dt=1",287,True,,0.23514780920196973,1.52967995015102,0.36890170129895133,2.947708434589741
"T=30, dt=1",288,True,,1.5047072062867397,1.3338079365295896,0.9171315089936082,0.46065252938508083
"T=30, dt=1",289,True,,0.738023335989603,1.417161604371306,0.9968042915574115,0.9391941240320212
"T=30, dt=1",290,True,,1.0827560970404115,1.3918761296223017,1.069050834815505,0.6401692703043491
"T=30, dt=1",291,True,,0.7921796578479253,1.4605194873902692,0.6648439924894053,0.8749873512821364
"T=30, dt=1",292,True,,3.2119385414945496,1.666806615858747,1.4053654293714937,0.21580337593801419
"T=30, dt=1",293,True,,0.742317879541826,1.6828124220753087,0.6778733034856501,0.9337605891801637
"T=30, dt=1",294,True,,0.5517393233669453,1.7510182166940496,0.7523495880048855,1.2562946870092018
"T=30, dt=1",295,True,,0.7674717962938292,1.5821011684885853,0.7151433996283187,0.9031565510383543
"T=30, dt=1",296,True,,1.31830730011134,1.4908772753941197,1.1095483228450609,0.5257857409280858
"T=30, dt=1",297,True,,0.74495860486204,1.6367846954336944,0.6791524588213317,0.9304505995850739
"T=30, dt=1",298,True,,0.5693156791340311,1.8347887455391112,0.8839669251819791,1.2175093818147964
"T=30, dt=1",299,True,,0.8327012956241339,1.2252439728848066,0.7346054967453172,0.8324079525304585
"T=30, dt=1",300,True,,0.5231544474242773,1.5613462215650158,0.5269453448857786,1.324937948960614
"T=30, dt=1",301,True,,1.464607988655545,1.6560049533931624,0.9616866406278636,0.4732646455084738
"T=30, dt=1",302,True,,1.25671836142291,1.4474296718349202,1.036219187225714,0.5515533168267984
"T=30, dt=1",303,True,,0.545947507628016,1.3553522986486952,0.7262464982991399,1.269622392034482
"T=30, dt=1",304,True,,0.5544756008459304,1.5678280694692626,0.6450120542804791,1.2500950077919604
"T=30, dt=1",305,True,,1.3981555307086826,1.6297577676107144,1.1448157892895356,0.49575827963045715
"T=30, dt=1",306,True,,0.8204510009822169,1.4620703949306961,0.8986110297594375,0.8448367784671263
"T=30, dt=1",307,True,,0.46950676591282514,1.8953585205011885,0.7945898295554659,1.4763305470418806
"T=30, dt=1",308,True,,0.8447908567880926,1.5722407555986233,0.741132510582238,0.8204955995798785
"T=30, dt=1",309,True,,0.6312465434634672,1.6786880373092223,0.6551040670023207,1.0980609521548383
"T=30, dt=1",310,True,,0.825187580688362,1.2712506649493793,0.978841174363061,0.8399874122944627
"T=30, dt=1",311,True,,0.5895168017237636,1.3069129985594299,0.7502275443114758,1.1757886773255037
"T=30, dt=1",312,True,,0.7171423546198464,1.2161508080406016,0.7139227439331005,0.9665405704943744
"T=30, dt=1",313,True,,1.4878246768941976,1.5474804740198618,0.9738398566247016,0.4658796102285891
"T=30, dt=1",314,True,,1.2136266141290115,1.409730286289635,0.7863496585474583,0.5711370964432905
"T=30, dt=1",315,True,,1.171244926582829,1.539968459546716,0.8276920395156386,0.5918037848686696
"T=30, dt=1",316,True,,0.835341725349449,1.5738398173150236,0.937474458560385,0.8297767961608534
"T=30, dt=1",317,True,,0.4934619564667665,1.2731211107064644,0.8305233793936765,1.4046618416603858
"T=30, dt=1",318,True,,1.20557368878647,1.1981015587942925,0.7517340563118466,0.5749521468552179
"T=30, dt=1",319,True,,0.9407286951519601,1.4763270100018606,0.6519044445644291,0.7368194295890784
"T=30, dt=1",320,True,,1.2293363582935875,1.822718156305196,0.9683959947743314,0.5638385100088363
"T=30, dt=1",321,True,,0.8422079988444079,1.5145783080159427,0.9229470092672909,0.8230118705961132
"T=30, dt=1",322,False,"unconstrained AR(1) slope -0.0265472 is outside (0, 1)",,,,
"T=30, dt=1",323,True,,1.1539534794204962,1.4783557765198625,1.0496522126474324,0.6006716847095402
"T=30, dt=1",324,True,,0.7418627006474168,1.5068212286324985,0.6948628392317883,0.9343335093610207
"T=30, dt=1",325,True,,1.3308548746458715,1.0562273161098634,1.1015795711084382,0.5208285244057024
"T=30, dt=1",326,True,,1.0539149541604185,1.361723271549713,0.8236061500937939,0.6576879641224258
"T=30, dt=1",327,True,,0.64117046491869,1.003325548344963,0.7321973818075579,1.0810653616863757
"T=30, dt=1",328,True,,1.1159557212908493,1.8934542954774527,0.9727536028730165,0.6211242680472729
"T=30, dt=1",329,True,,0.6394715890513561,1.6421692145003526,0.8769734747942559,1.0839374139955393
"T=30, dt=1",330,True,,0.8168969666026404,1.5690624039025696,0.6593040840007447,0.8485123692436354
"T=30, dt=1",331,True,,0.6023034289377875,1.4038438599033234,0.819644249639959,1.150827219732699
"T=30, dt=1",332,True,,0.6758976594504984,1.7340364402236452,0.7950795179014095,1.0255209067057145
"T=30, dt=1",333,True,,0.5719151906888678,1.2722699468605423,0.7092815772970984,1.2119754674203609
"T=30, dt=1",334,True,,0.9907759260963449,1.5160678119861202,0.8620819691485334,0.6996003458531171
"T=30, dt=1",335,True,,0.5488228806397532,1.6704232187423227,0.6381615199522116,1.2629706322592744
"T=30, dt=1",336,True,,0.8216684498727471,1.3751592911220296,0.8086273493931668,0.8435850015505572
"T=30, dt=1",337,True,,0.9207816105001576,1.2397877093934473,0.7958998611701769,0.7527813030317102
"T=30, dt=1",338,True,,0.3253137307092641,1.2288736967999103,0.6651495485892435,2.1307037334351477
"T=30, dt=1",339,True,,1.3808019205085034,1.4941668969611113,1.002326208489242,0.5019888589846995
"T=30, dt=1",340,True,,1.3106203847547668,1.326872374499646,0.8871860746475672,0.5288695251673822
"T=30, dt=1",341,True,,0.5276999380713222,1.409224954656594,0.7601406413971791,1.3135252262740682
"T=30, dt=1",342,True,,0.5651207593816621,1.4745080769067709,0.8447661288416858,1.226547015045715
"T=30, dt=1",343,True,,1.5941997918735056,1.3977647228831316,0.8946991599217823,0.4347931696474241
"T=30, dt=1",344,True,,0.4997939506893571,1.4430883617829418,0.6458062972651047,1.386865886639683
"T=30, dt=1",345,True,,1.138313256987018,1.1388100559335832,0.9427415162355998,0.6089248072139868
"T=30, dt=1",346,True,,1.438652931219404,1.2679223743884689,1.068892925428629,0.48180291821491156
"T=30, dt=1",347,True,,0.5364274346508479,1.7436635587245897,0.652913346849644,1.2921546061698053
"T=30, dt=1",348,True,,0.8196151650782372,2.0224731208108726,0.7144944279737213,0.8456983351372961
"T=30, dt=1",349,True,,0.7632121427362868,1.7825072757421179,0.682316661941808,0.9081972648847765
"T=30, dt=1",350,True,,0.6896791045988333,1.8259390138158311,0.7686844775950182,1.0050285356450364
"T=30, dt=1",351,True,,0.7790522774870167,1.7379402578365502,0.8246972792141822,0.8897312806732626
"T=30, dt=1",352,True,,2.18000900236352,1.2158413752109811,1.0224302856676701,0.31795610926764506
"T=30, dt=1",353,True,,0.7312139649679711,1.4024370367524872,0.9176746656390314,0.9479402934957715
"T=30, dt=1",354,True,,1.417846088030054,1.6167100835287425,0.9490637256263479,0.48887335967685985
"T=30, dt=1",355,True,,0.578649341841418,1.4636061565147491,0.7717798867305775,1.1978708527588822
"T=30, dt=1",356,True,,0.6798643248864144,1.589242692962359,0.6434293855804472,1.0195375094519779
"T=30, dt=1",357,True,,1.1646332963197437,1.6759822353599343,0.7731515531474288,0.5951634585326552
"T=30, dt=1",358,True,,0.7125910079210889,1.3067753291893727,0.8238490036056069,0.9727139030032543
"T=30, dt=1",359,True,,2.5418756233724937,1.5692087151349843,0.9884430389880023,0.27269122619001157
"T=30, dt=1",360,True,,0.9175505915940133,1.1470239837556626,0.9996918436621254,0.7554321112210025
"T=30, dt=1",361,True,,0.9200884332613014,1.5728020416451953,0.8398313267874804,0.7533484342402273
"T=30, dt=1",362,True,,0.7865131838126448,1.1489954645452598,0.7286064398876301,0.881291241934299
"T=30, dt=1",363,True,,0.9701549230507627,1.871229787873176,0.8560318928729592,0.7144706109208465
"T=30, dt=1",364,True,,1.054300471598883,1.6750127668271257,0.7595198969295754,0.6574474727387379
"T=30, dt=1",365,True,,1.0913358124832981,1.5256237633085385,0.767082478753599,0.6351364746133566
"T=30, dt=1",366,True,,1.220441006091677,1.527120016204564,0.9864008359355743,0.5679481245715186
"T=30, dt=1",367,True,,0.5507517058088195,1.714492445221593,0.6333106711103175,1.2585474965384038
"T=30, dt=1",368,True,,0.9426552578525286,1.6141463313202373,0.6301095684542756,0.7353135462682403
"T=30, dt=1",369,True,,1.8297522796835368,1.3062087435167982,1.199755545773143,0.3788202306160416
"T=30, dt=1",370,True,,1.240511417282218,1.446086221479627,0.875379983689132,0.5587592108410666
"T=30, dt=1",371,True,,1.0652403721867123,1.3494858158752958,0.9477539050238766,0.6506955600425295
"T=30, dt=1",372,True,,1.0703519523921505,1.7390767473869209,0.9574753025372015,0.6475880938142048
"T=30, dt=1",373,True,,0.5391993842810356,1.5049756921387938,0.6583240587561048,1.2855118176445666
"T=30, dt=1",374,True,,0.6412553526242003,1.5594388757223174,0.7557324574652926,1.0809222530827833
"T=30, dt=1",375,True,,1.189751683391568,1.5196879883341905,1.0660611809875695,0.5825981927455853
"T=30, dt=1",376,True,,0.6393111439372984,1.4230539946464702,0.765596898663782,1.0842094450146593
"T=30, dt=1",377,True,,0.8000061838437881,1.1526932779379049,1.090826642026255,0.8664272783862526
"T=30, dt=1",378,True,,0.7901682965242959,1.631246421491305,0.7637695598054267,0.8772146182134664
"T=30, dt=1",379,True,,0.5237190229399808,1.4364737255679427,0.644396093922082,1.3235096496378005
"T=30, dt=1",380,True,,0.7973784038927926,1.5710379754879493,0.6174373532555933,0.8692826105848972
"T=30, dt=1",381,True,,0.520228536806543,1.8713152402078972,0.7915385042042874,1.3323897701092575
"T=30, dt=1",382,True,,0.35871598700950236,1.833556183813418,0.7095758186914218,1.9323007773879448
"T=30, dt=1",383,True,,1.5667306997860844,1.439031015392952,0.846994375337257,0.44241628804145156
"T=30, dt=1",384,True,,0.6332618078423436,1.7485897680948814,0.6659574741947949,1.0945665315292639
"T=30, dt=1",385,True,,0.5843188304550831,1.423318676005138,0.818109420539362,1.1862482337255906
"T=30, dt=1",386,True,,0.33796680630957354,1.065612189011751,0.5425771726589226,2.0509327177090606
"T=30, dt=1",387,True,,0.5468707819668204,1.5364501269070396,0.747795483248206,1.2674789061998193
"T=30, dt=1",388,True,,1.0390383954963696,1.8242894700267795,0.7687192055564449,0.6671044915802317
"T=30, dt=1",389,True,,0.7397370360962058,1.184325726667233,0.7567535968779313,0.9370183548168307
"T=30, dt=1",390,True,,0.44471979521319044,1.879469065584426,0.6812902374430665,1.558615532793325
"T=30, dt=1",391,True,,0.6798999188462139,1.3436311181582519,0.7048175478425424,1.0194841348653372
"T=30, dt=1",392,True,,0.7256947690963944,1.4943407718904065,0.7052329221605667,0.9551497545214829
"T=30, dt=1",393,True,,0.26926957810378166,1.449243511664177,0.6341091187142948,2.574175610334982
"T=30, dt=1",394,True,,0.8298152731597732,1.6243976286050827,0.7447979115755472,0.8353029920991659
"T=30, dt=1",395,True,,0.37542627820673125,1.7006144994053911,0.6284552470468132,1.8462937220879851
"T=30, dt=1",396,True,,0.3682514114101658,1.3302988778391818,0.698280943817463,1.8822661884869303
"T=30, dt=1",397,True,,0.5807967046726116,1.2268174022459784,0.6992799875379355,1.1934419995558763
"T=30, dt=1",398,True,,2.2841619402463182,1.3984753491600246,1.2485724332517387,0.3034579853323351
"T=30, dt=1",399,True,,0.30001995443294605,1.8032627529345298,0.7203522716373241,2.3103369303219545
"T=30, dt=1",400,True,,0.7337234592710389,1.1586540249051245,0.7213617533548632,0.9446981308851614
"T=30, dt=1",401,True,,0.8648346109872322,1.21134337624695,0.6832650635591814,0.8014794641124491
"T=30, dt=1",402,True,,0.6110715780973123,1.9796578444034543,0.7957508513523199,1.1343142201412657
"T=30, dt=1",403,True,,0.32238877080943834,1.6441188221099527,0.6421485971851325,2.1500351231825614
"T=30, dt=1",404,True,,1.5326932395311699,1.4678014029307964,0.9928995444465595,0.4522412983122243
"T=30, dt=1",405,True,,1.015368790995966,1.5920513905451896,0.9146471968301684,0.6826555894829537
"T=30, dt=1",406,True,,0.4069614528332291,1.5383717278401152,0.655901014102562,1.7032256390238358
"T=30, dt=1",407,True,,0.8129837031856049,1.51400355081311,1.06322791318687,0.8525966484246968
"T=30, dt=1",408,True,,1.0822328001311396,1.566092379746884,0.7186939092797516,0.6404788142402938
"T=30, dt=1",409,True,,0.8011102058397302,1.7340182507713522,0.9073864205015257,0.8652332419525011
"T=30, dt=1",410,True,,0.38864070832354874,1.6560670899678398,0.707182400377435,1.7835166664601967
"T=30, dt=1",411,True,,0.8677443203958946,1.3585281015210349,0.8082275951048387,0.7987919531915898
"T=30, dt=1",412,True,,1.4690482575742325,1.3679248659637333,0.9038271268581796,0.47183418038594954
"T=30, dt=1",413,True,,1.1506554921763004,1.5412567016032979,0.945324777325835,0.6023933186543581
"T=30, dt=1",414,True,,0.6119727461183533,1.8041680828318258,0.8641338492330357,1.1326438717352507
"T=30, dt=1",415,True,,0.6830024130881803,1.3322769332260467,0.6453505889106905,1.0148531941869658
"T=30, dt=1",416,True,,2.3050374457703353,1.7874521489884332,1.4761190990425355,0.3007097267907064
"T=30, dt=1",417,True,,0.3030868819070321,1.5325116266810717,0.6624482218908176,2.2869586971189304
"T=30, dt=1",418,True,,0.8646378219741221,1.55766734006984,0.7728435808684829,0.8016618784699551
"T=30, dt=1",419,True,,0.5084379799302704,1.535467336988582,0.6343968399064717,1.363287574730367
"T=30, dt=1",420,True,,0.5888927312607487,1.4220337893275894,0.5581073887440279,1.1770347021876129
"T=30, dt=1",421,True,,0.5369769866378881,1.0807207577898543,0.8382498736666402,1.2908321917106125
"T=30, dt=1",422,False,"unconstrained AR(1) slope -0.206768 is outside (0, 1)",,,,
"T=30, dt=1",423,True,,6.052075098189015,1.5837620032100526,1.6184192087407854,0.11453049893041782
"T=30, dt=1",424,True,,1.0942405920617342,1.1181545389562157,0.6970032935865343,0.6334504363925477
"T=30, dt=1",425,True,,1.4826205143853504,1.554370133843269,1.0130700210535093,0.4675148993519108
"T=30, dt=1",426,True,,0.5181127487916608,1.4925151378786716,0.6357226040950812,1.3378307755917966
"T=30, dt=1",427,True,,0.32664281374583093,1.4794693776649486,0.7219954901029418,2.1220340732776712
"T=30, dt=1",428,True,,0.5419471687279056,1.8912782630410765,0.6084150350736696,1.27899400634742
"T=30, dt=1",429,True,,3.0419900761740837,1.386980432406947,1.2007316828704613,0.22785977705480148
"T=30, dt=1",430,True,,0.792090108344082,1.4089313663152134,0.8982931516124982,0.8750862727083114
"T=30, dt=1",431,True,,1.7223803396166164,1.484729660384154,0.9165390859217283,0.40243560880068596
"T=30, dt=1",432,True,,0.5050192489139907,1.5452049563766928,0.6440064631940058,1.3725163586348654
"T=30, dt=1",433,True,,0.7397692680952735,1.6979302526119033,0.7241954791672629,0.9369775286078471
"T=30, dt=1",434,True,,0.989343137242494,1.3719623256596272,0.8557189381356933,0.7006135227175996
"T=30, dt=1",435,True,,0.5922227825691485,1.6298247042133753,0.738110689062777,1.1704162706354728
"T=30, dt=1",436,True,,0.5023801574046229,1.3046293845473067,0.9769242483780627,1.3797264289673692
"T=30, dt=1",437,True,,0.5785539652604078,1.6528707676546526,0.8434385965245942,1.1980683258267169
"T=30, dt=1",438,True,,1.38994794588286,1.088852934041353,0.9489508867469547,0.4986857116578388
"T=30, dt=1",439,True,,0.4800849043773257,1.2936937002206736,0.6335089700977723,1.4438012406554694
"T=30, dt=1",440,True,,1.1634720022707605,1.834198614978994,0.7867798529278892,0.595757507879109
"T=30, dt=1",441,True,,0.7271574315113167,1.5152598981011252,0.8838378996922702,0.9532284901762128
"T=30, dt=1",442,True,,0.6767386249881764,1.6069664572064526,0.7318768582958841,1.0242465184724097
"T=30, dt=1",443,True,,0.9094693162749508,1.6496757664399306,0.7775130248673566,0.7621446575008948
"T=30, dt=1",444,True,,1.0463665568788976,1.4555150291633925,0.9529485309476754,0.6624324678604646
"T=30, dt=1",445,True,,1.0761289460622614,1.7978000139237107,1.1421629223767562,0.6441116402418953
"T=30, dt=1",446,True,,3.0192041950293427,1.7848048776648107,1.4045419498092735,0.2295794307987204
"T=30, dt=1",447,True,,1.42741742232604,1.4265457936358363,1.1703369649989617,0.4855952923920679
"T=30, dt=1",448,True,,0.5036607183436533,2.0072487602118447,0.7687560359221662,1.3762184647622315
"T=30, dt=1",449,True,,1.153121665125594,1.169278409012821,0.7784868907735046,0.6011049844288981
"T=30, dt=1",450,True,,0.9174885670117116,1.5941240185782182,0.8374323354668368,0.7554831803708977
"T=30, dt=1",451,True,,1.0236434359935904,1.8133514870940566,0.7038617570333062,0.6771373274983667
"T=30, dt=1",452,True,,1.1925915108945748,1.2676481206024501,1.0327860667451956,0.5812108959588423
"T=30, dt=1",453,True,,0.3377776902467088,1.3734110340906438,0.6296240209664647,2.0520810005352303
"T=30, dt=1",454,True,,0.8583193719227323,1.4949511704440068,0.7259044826796528,0.8075632488722901
"T=30, dt=1",455,True,,1.1080041383677466,1.8835604313291632,0.8947703335756365,0.6255817614373294
"T=30, dt=1",456,True,,0.7918337933941699,1.102444470486604,0.9614709427458112,0.8753695363124026
"T=30, dt=1",457,True,,0.8175518738584925,1.3093652840056231,0.7357767775597605,0.847832660805472
"T=30, dt=1",458,True,,0.9441291209276176,1.4248523515286307,0.7907320810741523,0.7341656614499088
"T=30, dt=1",459,True,,2.0069906925534005,1.583465913135265,0.981074073140315,0.345366415066971
"T=30, dt=1",460,True,,0.8384822679792728,1.4321133849284249,0.7307288278750727,0.8266688599514662
"T=30, dt=1",461,True,,0.7981283965343456,1.4760322440834452,0.8183871239021946,0.8684657550962319
"T=30, dt=1",462,True,,0.8576032186509461,1.410625920175457,1.026866608797374,0.8082376155843973
"T=30, dt=1",463,True,,2.5869969854444155,1.3327670209696074,1.158411310808469,0.26793505537884144
"T=30, dt=1",464,True,,1.430892632070007,1.1267032079096926,0.9289611546954758,0.4844159268310725
"T=30, dt=1",465,True,,0.8052239526430461,1.2923304718496476,0.7390769175927023,0.8608129183002778
"T=30, dt=1",466,True,,1.1125304479530032,1.335565599849419,0.7244790248443754,0.623036593591932
"T=30, dt=1",467,True,,1.6776505397560204,1.4075061952763108,1.0058959365092628,0.4131654144496322
"T=30, dt=1",468,True,,0.676689389620991,1.2982095758445567,0.8677774595724359,1.0243210418123627
"T=30, dt=1",469,True,,0.9281171438276329,1.0206263635073998,0.7329042725513935,0.7468315666504642
"T=30, dt=1",470,True,,0.3367442326110018,1.7139642212230721,0.8285181294385857,2.0583787736630694
"T=30, dt=1",471,True,,1.144683949144664,1.5453830052870068,0.937409551337375,0.605535860861753
"T=30, dt=1",472,True,,0.9659812690570574,1.4724934222742727,0.7956216933477142,0.7175575787681275
"T=30, dt=1",473,True,,0.7036679366648179,1.539657456027199,0.6961244102307436,0.9850486919231564
"T=30, dt=1",474,True,,0.6496341574391965,1.8171056923815843,0.7943593318661054,1.066980811619071
"T=30, dt=1",475,True,,1.2777582750856964,1.5784116371119676,0.7430608320528711,0.542471290599513
"T=30, dt=1",476,True,,1.7007354683750973,1.9045948995865083,1.1383926170015588,0.40755731473171797
"T=30, dt=1",477,True,,0.7034362892800974,1.2910288756797854,0.7253782470048142,0.9853730765998978
"T=30, dt=1",478,True,,1.2088033989692477,1.4948500578855175,0.8606929616943222,0.5734159757914273
"T=30, dt=1",479,True,,0.7054125370580823,1.0509305061978196,0.7533400360294334,0.9826125056562085
"T=30, dt=1",480,True,,1.538076990329768,1.488659576062017,1.177209606218017,0.45065831224179004
"T=30, dt=1",481,True,,0.6623771919207793,1.5722020301835962,0.7350736421305015,1.046453877057479
"T=30, dt=1",482,True,,1.4049812541526316,1.7526682631724262,1.0562134709226039,0.4933497714017503
"T=30, dt=1",483,True,,0.6777868294424224,1.341413313246714,0.8531210904426375,1.022662510468312
"T=30, dt=1",484,True,,0.43788524326294215,1.5587052051045271,0.6084782258950477,1.582942543107631
"T=30, dt=1",485,True,,1.2364672993864123,1.7368232701727206,1.074579587256584,0.5605867465349988
"T=30, dt=1",486,True,,1.696126187570159,1.4130264288147363,1.1376402915030395,0.40866486564477605
"T=30, dt=1",487,True,,0.6191754721580557,1.6351480744079308,0.7797398757141515,1.1194680857497001
"T=30, dt=1",488,True,,0.3834026666326861,1.7518303060101819,0.7965484046385729,1.807883045383213
"T=30, dt=1",489,True,,0.908030637102393,1.6868721334788863,1.0059249883733707,0.7633521956614151
"T=30, dt=1",490,True,,0.3885267500969025,1.6010232592469693,0.6090912883534085,1.7840397871885716
"T=30, dt=1",491,True,,1.7408680588417136,1.3087302624203878,1.0545254502283783,0.39816181188431404
"T=30, dt=1",492,True,,0.4907532240408314,1.1571604218719518,0.8260856966952941,1.4124149299572903
"T=30, dt=1",493,True,,0.3860990646030805,1.06747292934775,0.5446792335271374,1.7952573422381064
"T=30, dt=1",494,True,,1.0854664010963297,1.7967633180254179,0.8002766675331124,0.638570829884611
"T=30, dt=1",495,True,,1.3833285411313176,1.46492740216674,0.9596237881669732,0.5010719868420221
"T=30, dt=1",496,True,,0.8774964676190367,1.7064740305975705,0.7722434343103006,0.7899144966824798
"T=30, dt=1",497,True,,1.0853540740068959,1.3850433297994997,0.9063916377416694,0.6386369178133673
"T=30, dt=1",498,True,,0.6421366695280177,1.1382916284350584,0.8314084299929436,1.0794387136766714
"T=30, dt=1",499,True,,0.5038140083130206,1.1153578707011529,0.6378819251147246,1.375799737845502
"T=100, dt=0.1",0,True,,0.7064819281025051,1.4947607203736444,0.8151692924025451,0.9811251399191842
"T=100, dt=0.1",1,True,,0.8842476627079746,1.4950706285442699,0.7738764991828387,0.7838835314952471
"T=100, dt=0.1",2,True,,0.7426774648208587,1.4721380500516161,0.8170906944679864,0.9333084863792648
"T=100, dt=0.1",3,True,,0.8021044411403134,1.5942301481170025,0.792872920280068,0.8641607563904411
"T=100, dt=0.1",4,True,,0.6564517181415719,1.512412478984412,0.7923385160705078,1.0558997126586231
"T=100, dt=0.1",5,True,,0.6209579603761824,1.5589289242347686,0.7795597267538471,1.1162546014226629
"T=100, dt=0.1",6,True,,0.7313787300787197,1.587837904192326,0.8067869773684113,0.947726741363316
"T=100, dt=0.1",7,True,,0.647979322806779,1.545458325073009,0.8032861012290915,1.0697057084437784
"T=100, dt=0.1",8,True,,0.5303268514491292,1.4956336780516055,0.7840170719536285,1.3070188293613763
"T=100, dt=0.1",9,True,,0.7588363381066617,1.5444334474774648,0.7502304052831591,0.9134343543554931
"T=100, dt=0.1",10,True,,0.7297132358592332,1.5073489504689364,0.8107435482167485,0.9498898286307886
"T=100, dt=0.1",11,True,,0.7931400468476719,1.3312434049293853,0.7994167328587686,0.8739278558873085
"T=100, dt=0.1",12,True,,0.582864151908763,1.5173874037417072,0.7945749944626828,1.1892088032692139
"T=100, dt=0.1",13,True,,0.7843909769822001,1.449528757272763,0.7726277592917382,0.883675617007607
"T=100, dt=0.1",14,True,,0.7347239583419937,1.4085952963439552,0.7905051608488173,0.9434117027082224
"T=100, dt=0.1",15,True,,0.8373393482553473,1.5407612048333235,0.812129640423984,0.8277972150767355
"T=100, dt=0.1",16,True,,1.0689202792702923,1.3795653989142829,0.7971891118672588,0.6484554498611704
"T=100, dt=0.1",17,True,,0.8178795221220186,1.5723334129775535,0.8122498716657738,0.847493013104851
"T=100, dt=0.1",18,True,,0.839934747072092,1.6042922472458498,0.8182258380260922,0.8252393212403345
"T=100, dt=0.1",19,True,,0.9314206972306802,1.3967194520541373,0.7972168323271377,0.744182712087916
"T=100, dt=0.1",20,True,,0.9149446083580421,1.4973539215062932,0.8032523829381163,0.7575837643372377
"T=100, dt=0.1",21,True,,0.5741508299602908,1.4395724607681142,0.8220763207823705,1.2072562546115009
"T=100, dt=0.1",22,True,,0.9247433354755386,1.5046048608995557,0.8144713775156803,0.7495562865597754
"T=100, dt=0.1",23,True,,0.9513163546210426,1.41273974083902,0.7947237753822252,0.7286190100621794
"T=100, dt=0.1",24,True,,0.784877977467361,1.3668412350520527,0.8052721843068752,0.8831273146388793
"T=100, dt=0.1",25,True,,0.6762509328526002,1.4594970279333597,0.8266304095181014,1.0249851747132863
"T=100, dt=0.1",26,True,,0.5595227335539132,1.3236828775656455,0.7740637317951883,1.238818619857126
"T=100, dt=0.1",27,True,,0.6177718953907341,1.7709160485185518,0.8203959357597297,1.1220115154664605
"T=100, dt=0.1",28,True,,0.6420285818947224,1.5085340670804914,0.8319771214990871,1.0796204407510397
"T=100, dt=0.1",29,True,,0.837586042122392,1.6370033960879768,0.8037076136708632,0.8275534043088308
"T=100, dt=0.1",30,True,,0.6844466211176311,1.5485742469149248,0.8099501020885389,1.0127118159018844
"T=100, dt=0.1",31,True,,0.8000843818517391,1.6010886996351477,0.8114320830054429,0.8663425962092958
"T=100, dt=0.1",32,True,,0.7457894356572743,1.428917463498876,0.7996034611749917,0.9294140509634135
"T=100, dt=0.1",33,True,,0.7747243480223722,1.5380237139821697,0.8145855789137284,0.8947016862569663
"T=100, dt=0.1",34,True,,0.6166761878673601,1.3388765365572302,0.7859675950945907,1.1240051005650848
"T=100, dt=0.1",35,True,,0.7761235209798697,1.5041449581999975,0.7826732614097435,0.8930887440247072
"T=100, dt=0.1",36,True,,0.7828610639235908,1.6306718905199395,0.7958206855407377,0.8854025477854116
"T=100, dt=0.1",37,True,,0.5559842961476643,1.5221912393874368,0.8204720106461633,1.2467028032314276
"T=100, dt=0.1",38,True,,0.7373875456826265,1.4636082220488715,0.7962353138658465,0.9400039160117272
"T=100, dt=0.1",39,True,,0.5615175234960005,1.3990117912368443,0.8061671600220982,1.234417719048945
"T=100, dt=0.1",40,True,,0.8028994768705011,1.4936167940655503,0.7937789485954463,0.8633050593850895
"T=100, dt=0.1",41,True,,0.9272742500533228,1.2892903087366132,0.8010914780613431,0.747510437737364
"T=100, dt=0.1",42,True,,0.8962995544866311,1.5339167757793166,0.8084220659773785,0.7733432166625985
"T=100, dt=0.1",43,True,,0.6630996217360707,1.5036142966129813,0.8007272999868628,1.045313792737819
"T=100, dt=0.1",44,True,,0.7165114056421362,1.44627126236975,0.8244362436681995,0.9673916913279951
"T=100, dt=0.1",45,True,,0.673007791878886,1.5971514604256443,0.8006103515281058,1.0299244509856782
"T=100, dt=0.1",46,True,,0.7306435375882476,1.6306315107208127,0.7841315985507851,0.948680368607553
"T=100, dt=0.1",47,True,,0.819386901877063,1.2111388780230954,0.7967333714915806,0.8459339281261075
"T=100, dt=0.1",48,True,,0.6007622356827333,1.715378162666741,0.8106274171122665,1.1537795476978034
"T=100, dt=0.1",49,True,,0.6834619660493005,1.4873017171046814,0.8209592696508591,1.0141708170926165
"T=100, dt=0.1",50,True,,0.5360845904040538,1.4057370083656247,0.7987462678602443,1.2929809827913752
"T=100, dt=0.1",51,True,,0.6823679164139829,1.3694736069658044,0.7987063886441484,1.0157968507701978
"T=100, dt=0.1",52,True,,0.8411795442578691,1.2523992192065376,0.8235006051815231,0.8240181127698184
"T=100, dt=0.1",53,True,,0.8116266849022487,1.3473736900121094,0.8241381865464495,0.8540221674000616
"T=100, dt=0.1",54,True,,0.5797395905277551,1.3973814819098127,0.7901685784332848,1.1956181566433157
"T=100, dt=0.1",55,True,,0.6887575254975805,1.489749905632155,0.831072758025814,1.0063732952452222
"T=100, dt=0.1",56,True,,0.7819397341184068,1.4501439765693356,0.8052777843645369,0.8864457838831146
"T=100, dt=0.1",57,True,,0.6321330944904572,1.4762183733936898,0.8255970109837785,1.0965209488338363
"T=100, dt=0.1",58,True,,0.6914421679873076,1.3405137133871265,0.8415061281187147,1.0024658787843397
"T=100, dt=0.1",59,True,,0.7220226664251367,1.5813015192092572,0.7830150921212132,0.9600075077862041
"T=100, dt=0.1",60,True,,0.7329730183787015,1.4936709052670167,0.7867164570892656,0.9456653426249592
"T=100, dt=0.1",61,True,,0.8339949707350709,1.5007627871632534,0.8000228759322733,0.8311167391681218
"T=100, dt=0.1",62,True,,0.7932389903595034,1.4455364471916918,0.8148444014511884,0.8738188477671835
"T=100, dt=0.1",63,True,,0.7943726049740102,1.4193900446101109,0.8083939113274896,0.8725718588729823
"T=100, dt=0.1",64,True,,0.5777194065412736,1.463412145860277,0.7628499262846224,1.1997990247717691
"T=100, dt=0.1",65,True,,0.7278166854820789,1.6501215581282944,0.7941166878316899,0.9523650589307804
"T=100, dt=0.1",66,True,,0.8550487699584295,1.3182649299210711,0.8265239953596577,0.8106522164737393
"T=100, dt=0.1",67,True,,0.8910591136409702,1.4148906000403065,0.8119574007386884,0.7778913541747707
"T=100, dt=0.1",68,True,,0.7023513234144216,1.5611330869045463,0.7960913440883465,0.9868952438079974
"T=100, dt=0.1",69,True,,0.7130280653487384,1.5751925584964683,0.8088997265426913,0.9721176686375318
"T=100, dt=0.1",70,True,,0.8990185883441116,1.5729061633917096,0.8224030954964107,0.7710042812759215
"T=100, dt=0.1",71,True,,0.9362110520698619,1.5589697945108123,0.7913174719671477,0.7403749176293866
"T=100, dt=0.1",72,True,,0.8006985805430229,1.492056984884902,0.8355773529380741,0.8656780434028774
"T=100, dt=0.1",73,True,,0.6107939136832109,1.5430554232403155,0.8181451440362885,1.1348298747447032
"T=100, dt=0.1",74,True,,0.45265352783495755,1.4607847581461193,0.7654424878506708,1.5312974227225604
"T=100, dt=0.1",75,True,,0.757213596794939,1.5898802570124928,0.7899065955278909,0.9153918834709679
"T=100, dt=0.1",76,True,,0.8214033236163568,1.372656995025718,0.792775062701688,0.843857287438595
"T=100, dt=0.1",77,True,,0.689318818499863,1.6047923021074002,0.7910257465519003,1.0055538336649705
"T=100, dt=0.1",78,True,,0.570925377074565,1.5943622433194933,0.7849255385760663,1.214076669899747
"T=100, dt=0.1",79,True,,0.7165744726001795,1.5095820266335531,0.7717727546255054,0.9673065495129552
"T=100, dt=0.1",80,True,,0.8095755559406407,1.655294833080237,0.8283436654226177,0.856185905655936
"T=100, dt=0.1",81,True,,0.5560287797419411,1.4812898365284362,0.8097320289198632,1.2466030641105346
"T=100, dt=0.1",82,True,,0.5861424861304092,1.5541978722533842,0.7903847675630175,1.182557478704468
"T=100, dt=0.1",83,True,,0.6910125449740346,1.5851643693998163,0.7905631203574456,1.0030891415813454
"T=100, dt=0.1",84,True,,0.8503204744047063,1.5906448651864795,0.7916896978407616,0.8151599325480253
"T=100, dt=0.1",85,True,,0.5086100212593576,1.4867999611965192,0.7966753037321703,1.362826432014964
"T=100, dt=0.1",86,True,,0.7394842738450128,1.3613369581040027,0.7671263955120283,0.9373386359602568
"T=100, dt=0.1",87,True,,0.40126259990193025,1.481520358046612,0.7809109006901341,1.7274153652230546
"T=100, dt=0.1",88,True,,0.814165830357171,1.4641526838406989,0.804286820422549,0.8513587216695947
"T=100, dt=0.1",89,True,,0.8480436654316246,1.4715658252385337,0.7996733365466504,0.817348455998616
"T=100, dt=0.1",90,True,,0.6082432675082893,1.4147533869409015,0.8111831007737567,1.1395887428388165
"T=100, dt=0.1",91,True,,0.5702800571454505,1.4516165813762312,0.7953970245473224,1.215450499934206
"T=100, dt=0.1",92,True,,0.5739269199745101,1.4511300320004257,0.7885286891975584,1.207727249648318
"T=100, dt=0.1",93,True,,0.8630147654440457,1.404396945515997,0.8299465315057688,0.8031695497159905
"T=100, dt=0.1",94,True,,0.5286363720371029,1.5074847847694415,0.8018287503755152,1.3111984290617371
"T=100, dt=0.1",95,True,,0.8372883760226265,1.4564274500049312,0.8133925100335339,0.8278476095089298
"T=100, dt=0.1",96,True,,0.7963450898515442,1.679155276916116,0.8196924164521111,0.8704105662146581
"T=100, dt=0.1",97,True,,0.7179586947462474,1.5148394235998541,0.8017640727986739,0.9654415854730035
"T=100, dt=0.1",98,True,,0.7341732597842328,1.5347284042597336,0.8245630812229636,0.9441193496527718
"T=100, dt=0.1",99,True,,0.677707480401793,1.5864408771371978,0.7859952936554073,1.0227822483957216
"T=100, dt=0.1",100,True,,0.5666459887575822,1.6254608739953618,0.7961288186491305,1.2232455436236782
"T=100, dt=0.1",101,True,,0.9107429111599564,1.5091158611205362,0.8045972569601689,0.761078864371425
"T=100, dt=0.1",102,True,,0.8293222297304451,1.4888619566631809,0.8485038968927338,0.8357995911736734
"T=100, dt=0.1",103,True,,0.6235586165591044,1.5168198502761874,0.7986026589825868,1.1115990736922885
"T=100, dt=0.1",104,True,,0.558022031915277,1.4638610870998325,0.797670654160868,1.2421502036055523
"T=100, dt=0.1",105,True,,0.7823424176810684,1.540221016768408,0.8067043110662045,0.8859895167316818
"T=100, dt=0.1",106,True,,0.7980586845409466,1.3794618183323144,0.7884164471635859,0.868541617285516
"T=100, dt=0.1",107,True,,0.7323173611691858,1.5364610858150025,0.7911486242750037,0.9465120142082893
"T=100, dt=0.1",108,True,,0.7699965679879615,1.4990040353276612,0.7706328152760908,0.9001951558968277
"T=100, dt=0.1",109,True,,0.6056828109237353,1.2187302104617919,0.7818102453313137,1.1444062272508886
"T=100, dt=0.1",110,True,,0.893145098432091,1.5846513229753336,0.8208731311469267,0.7760745502346255
"T=100, dt=0.1",111,True,,0.6809644090502116,1.6608914976420392,0.7493634749776219,1.0178904673251952
"T=100, dt=0.1",112,True,,0.8605311456097956,1.5668310610210814,0.8094455541737026,0.805487615522344
"T=100, dt=0.1",113,True,,0.5154612402024917,1.2952446446966888,0.7902582062429018,1.3447125147327317
"T=100, dt=0.1",114,True,,0.8650724840673202,1.569122404169798,0.8092974044912733,0.8012590775063936
"T=100, dt=0.1",115,True,,0.8613170298446368,1.420147101777597,0.7945033707115318,0.8047526712492545
"T=100, dt=0.1",116,True,,0.6760972951345142,1.379324906132867,0.8193684598280206,1.0252180944194413
"T=100, dt=0.1",117,True,,0.7802038703099771,1.3740742210255432,0.8136179041045528,0.88841802372059
"T=100, dt=0.1",118,True,,0.6863909330518071,1.6200085149818853,0.8084438015463736,1.0098431479537453
"T=100, dt=0.1",119,True,,0.7991743337354408,1.5827499567346723,0.8007496303964613,0.8673291312048133
"T=100, dt=0.1",120,True,,0.6585639715244255,1.4687156805782793,0.7847591102781953,1.052513059521716
"T=100, dt=0.1",121,True,,0.7388288686738538,1.366221433239087,0.7996815701243102,0.9381701364811259
"T=100, dt=0.1",122,True,,0.5055938560406711,1.2992454013237602,0.7926320241354041,1.370956494582456
"T=100, dt=0.1",123,True,,1.1104064855294171,1.6472230436357873,0.7996951924407689,0.6242283250259189
"T=100, dt=0.1",124,True,,0.6101523120976526,1.3091201104574124,0.8042389836026512,1.136023197514344
"T=100, dt=0.1",125,True,,0.6756323548645615,1.4323742056746505,0.8094942086155414,1.0259236041158728
"T=100, dt=0.1",126,True,,0.7489796518337691,1.5812450365154413,0.8245255795252192,0.9254552895567643
"T=100, dt=0.1",127,True,,0.6463016139954643,1.5161841115161674,0.8036408538013221,1.0724825152066073
"T=100, dt=0.1",128,True,,0.7121022643788066,1.5968750069952296,0.7803671669411072,0.9733815144719465
"T=100, dt=0.1",129,True,,0.6935873272511224,1.2194109262267538,0.786947094827121,0.9993654055172526
"T=100, dt=0.1",130,True,,0.86359546732389,1.43867643344534,0.8165316840993864,0.8026294796426735
"T=100, dt=0.1",131,True,,0.8599431197683207,1.6621805309103734,0.8031668684047659,0.8060384048966955
"T=100, dt=0.1",132,True,,0.5111116664829375,1.4288494509681045,0.8224131009084388,1.3561560535873323
"T=100, dt=0.1",133,True,,0.6952269163194131,1.4500447134136798,0.7985953726147452,0.9970085511497769
"T=100, dt=0.1",134,True,,0.784784155546737,1.5192903444734978,0.8086774984463078,0.8832328936063308
"T=100, dt=0.1",135,True,,0.8430210513331057,1.3567197499504309,0.816114255440217,0.8222181159816135
"T=100, dt=0.1",136,True,,0.8738793092411496,1.4098807465796597,0.7846489542363583,0.7931841081829175
"T=100, dt=0.1",137,True,,0.8458480126548104,1.5145874644331718,0.8021504178983561,0.8194701296092279
"T=100, dt=0.1",138,True,,0.8496911446418409,1.4634963963195304,0.8056477919572544,0.815763686524141
"T=100, dt=0.1",139,True,,0.6427590146843222,1.4099708072884878,0.7907549169992845,1.078393557654528
"T=100, dt=0.1",140,True,,0.7482594475020384,1.5258321781318336,0.8231324455220662,0.9263460459790012
"T=100, dt=0.1",141,True,,0.8515669539142703,1.4118307985131955,0.8046755432976653,0.8139667437467594
"T=100, dt=0.1",142,True,,0.719573523251626,1.5443997412981953,0.8160973896098672,0.9632749929815861
"T=100, dt=0.1",143,True,,0.6196056160084268,1.4058807339786747,0.782303335374583,1.1186909263755258
"T=100, dt=0.1",144,True,,0.7354261137308136,1.6064301605307036,0.7869661277571715,0.9425109710119112
"T=100, dt=0.1",145,True,,0.7007228016172514,1.5608779203098573,0.7842477168867338,0.9891888475159909
"T=100, dt=0.1",146,True,,0.7036988365881938,1.4744586128078454,0.8073666549055107,0.9850054377247417
"T=100, dt=0.1",147,True,,0.6285880324826351,1.5985580317855084,0.7712808309150372,1.1027050225921915
"T=100, dt=0.1",148,True,,0.7154404424826867,1.3141562316881688,0.7838201382797249,0.9688398074822547
"T=100, dt=0.1",149,True,,0.7615713116715992,1.5720722895066976,0.7724769920040236,0.9101540065086388
"T=100, dt=0.1",150,True,,1.0813210278827994,1.7029396640145096,0.8261692202674057,0.6410188673729122
"T=100, dt=0.1",151,True,,0.8879682210209618,1.6232254259014787,0.7986574273980246,0.7805990846868184
"T=100, dt=0.1",152,True,,0.8878169977600828,1.5545315474941612,0.8369437221765749,0.7807320453524998
"T=100, dt=0.1",153,True,,0.8841494638027287,1.5631551199671354,0.8124163453846861,0.7839705942688895
"T=100, dt=0.1",154,True,,0.5540674641872195,1.466938170687316,0.7943909572760763,1.2510158516106817
"T=100, dt=0.1",155,True,,0.6284966252416075,1.3793461526548625,0.8040950239807925,1.1028653977155163
"T=100, dt=0.1",156,True,,0.6797379004594426,1.482644709915272,0.7974931816454134,1.0197271331956614
"T=100, dt=0.1",157,True,,1.0526069427669689,1.4834603332395608,0.8229607528898162,0.6585052334329867
"T=100, dt=0.1",158,True,,0.6518141784394432,1.4800936193246634,0.8186558350503704,1.0634122476738086
"T=100, dt=0.1",159,True,,0.647641748745599,1.381311778694077,0.8068433729723178,1.0702632773481398
"T=100, dt=0.1",160,True,,0.521830424062158,1.6327832346384046,0.7838776822958284,1.3282996709240948
"T=100, dt=0.1",161,True,,0.7801810377498892,1.5679853765913452,0.7948336059640143,0.8884440239140428
"T=100, dt=0.1",162,True,,0.751547093927147,1.4423527891611776,0.8316357147484242,0.9222937406862451
"T=100, dt=0.1",163,True,,0.8285495356874447,1.6284410890817902,0.7870552773629033,0.8365790465199445
"T=100, dt=0.1",164,True,,0.7287592886672798,1.5506000811423195,0.8144731102320657,0.9511332360888871
"T=100, dt=0.1",165,True,,0.8281507151809584,1.2667736159797376,0.8061536478156252,0.836981925939032
"T=100, dt=0.1",166,True,,0.7684077284554293,1.3469420516007886,0.8239060585805527,0.9020564927857185
"T=100, dt=0.1",167,True,,0.6812292037656429,1.6029530487746853,0.8039818874126264,1.0174948119200162
"T=100, dt=0.1",168,True,,0.8325475653011746,1.4005381759854623,0.7960399752037921,0.8325616570738501
"T=100, dt=0.1",169,True,,0.7658829077234303,1.4290695662548014,0.7958533354867169,0.9050302253386353
"T=100, dt=0.1",170,True,,0.5754667340028944,1.4676911446220446,0.7684303700794235,1.204495654750495
"T=100, dt=0.1",171,True,,0.6380136614694584,1.5640204042718917,0.8181050887021258,1.08641432373643
"T=100, dt=0.1",172,True,,0.6846538829556178,1.5589722165923656,0.8116035476198398,1.01240524273033
"T=100, dt=0.1",173,True,,0.5997252853407624,1.333220637685024,0.7798335183565733,1.155774481254531
"T=100, dt=0.1",174,True,,0.8480401063254817,1.4337718309736012,0.7912939887335525,0.8173518862961797
"T=100, dt=0.1",175,True,,0.7614017164645818,1.4815291720928496,0.8240726634549633,0.9103567349157513
"T=100, dt=0.1",176,True,,0.7063930056195679,1.4245759726193112,0.8049459852038108,0.9812486463565635
"T=100, dt=0.1",177,True,,0.6825267431710789,1.6137360111057053,0.8134240315500644,1.015560470699687
"T=100, dt=0.1",178,True,,0.7673264911702171,1.5000448720220543,0.8083488692087395,0.9033275776819016
"T=100, dt=0.1",179,True,,0.6670154779929734,1.3107778229473146,0.7964459398909077,1.0391770557492928
"T=100, dt=0.1",180,True,,0.613431029937139,1.3288566707266436,0.7944108283801036,1.1299512850384748
"T=100, dt=0.1",181,True,,0.9211063321584531,1.3934914024533194,0.7763308375861984,0.7525159217347632
"T=100, dt=0.1",182,True,,0.8601379301151078,1.464817341328514,0.8332003592726706,0.8058558474071537
"T=100, dt=0.1",183,True,,0.5415366932462321,1.5048772834595674,0.8095505993597054,1.2799634617644962
"T=100, dt=0.1",184,True,,0.6985301831889219,1.4572974076006056,0.8079311676267062,0.9922938152730892
"T=100, dt=0.1",185,True,,0.7310426352551563,1.4644993887435445,0.8135735756518283,0.9481624561035563
"T=100, dt=0.1",186,True,,0.9252079047295465,1.5944303311723156,0.7626869355955959,0.7491799162292756
"T=100, dt=0.1",187,True,,0.6915712568781982,1.445566844088666,0.8265540007885411,1.0022787582133776
"T=100, dt=0.1",188,True,,0.6561930427224405,1.5149353826348377,0.7426760193079002,1.0563159549576873
"T=100, dt=0.1",189,True,,0.667493422160399,1.5518038057370052,0.7954424781977665,1.0384329755887567
"T=100, dt=0.1",190,True,,0.7643593735158734,1.6598161049221576,0.8241262230907679,0.9068341470997225
"T=100, dt=0.1",191,True,,0.6100859674549015,1.755966935741268,0.7877587828229895,1.1361467359289554
"T=100, dt=0.1",192,True,,0.8096374230465723,1.478127135916515,0.7971420395977031,0.8561204816246171
"T=100, dt=0.1",193,True,,0.725349822400745,1.6086721964489457,0.8198063376484971,0.9556039846618888
"T=100, dt=0.1",194,True,,0.7869069293815859,1.3667277609001487,0.7823675616091733,0.8808502691730972
"T=100, dt=0.1",195,True,,0.7079092405336751,1.4127177214186002,0.8161273753784392,0.9791469596263483
"T=100, dt=0.1",196,True,,0.7233457084979413,1.558612127426853,0.8058977844108132,0.9582515972885156
"T=100, dt=0.1",197,True,,0.5528722703715118,1.2649659937892301,0.7970970049265462,1.2537202853277005
"T=100, dt=0.1",198,True,,0.8968078160938011,1.5892039811678729,0.8204782280046199,0.7729049280358257
"T=100, dt=0.1",199,True,,0.7187995953450778,1.4490770469211431,0.8307367780076067,0.9643121463183109
"T=100, dt=0.1",200,True,,0.7146292139725743,1.5701719615902345,0.7810186276332735,0.9699396092510523
"T=100, dt=0.1",201,True,,0.6395231299648472,1.518713271658079,0.7910738295188915,1.0838500565226556
"T=100, dt=0.1",202,True,,0.6999875118882323,1.4893433359019699,0.7793203458304793,0.9902279237670468
"T=100, dt=0.1",203,True,,0.6882256308927388,1.674180580718519,0.8241894446407082,1.0071510700071173
"T=100, dt=0.1",204,True,,0.7911617170443062,1.583648636009284,0.8311766622005499,0.8761131455519202
"T=100, dt=0.1",205,True,,0.7112170001652857,1.4245458829824038,0.8274982048984513,0.9745930994321832
"T=100, dt=0.1",206,True,,0.5813603193567591,1.5275872438859974,0.7812838741463656,1.1922849865757466
"T=100, dt=0.1",207,True,,0.841335800811755,1.586203612538374,0.7772096190989263,0.823865072532476
"T=100, dt=0.1",208,True,,0.6897212168041544,1.2689924810788793,0.8218202925799523,1.0049671717678414
"T=100, dt=0.1",209,True,,0.6676018772166262,1.3812103239967328,0.8169860107034301,1.0382642772812785
"T=100, dt=0.1",210,True,,0.5794378268782694,1.550318550913364,0.8012030316478796,1.1962408189577247
"T=100, dt=0.1",211,True,,0.7228259469510279,1.402574034714438,0.7756826872209864,0.9589406460624837
"T=100, dt=0.1",212,True,,0.7544949066403697,1.4191753155523754,0.8108405236600343,0.91869033768088
"T=100, dt=0.1",213,True,,0.8410516749813524,1.5451587489917114,0.8309371810842505,0.8241433923490059
"T=100, dt=0.1",214,True,,0.8015129410002954,1.4717417411284688,0.8093156661224948,0.864798489335545
"T=100, dt=0.1",215,True,,0.7243007118428236,1.456182761470316,0.795720112051667,0.9569881255485515
"T=100, dt=0.1",216,True,,0.7417407331184472,1.4815167350657932,0.8373200034950191,0.9344871457251598
"T=100, dt=0.1",217,True,,0.6675287425561941,1.6226255083541048,0.7440632057538386,1.0383780298443022
"T=100, dt=0.1",218,True,,0.8646174930962975,1.5207696093228595,0.7973033896762657,0.801680727136
"T=100, dt=0.1",219,True,,0.775474923305578,1.4305083857508363,0.8117021718457488,0.8938357124499934
"T=100, dt=0.1",220,True,,0.8402490058486084,1.4174475077939854,0.8108466184395249,0.8249306761867599
"T=100, dt=0.1",221,True,,0.6984468663619576,1.4043769043697496,0.7915773885334807,0.9924121847240619
"T=100, dt=0.1",222,True,,0.8146942873885755,1.3657414549655085,0.8119357592305395,0.850806482001687
"T=100, dt=0.1",223,True,,0.6342950615818221,1.5433568131095818,0.8393822424347682,1.0927835049375225
"T=100, dt=0.1",224,True,,0.7229493705562315,1.52628549883284,0.7619274332733044,0.9587769334754982
"T=100, dt=0.1",225,True,,0.6048465532497795,1.5464553156206087,0.7982608905270819,1.1459884773017808
"T=100, dt=0.1",226,True,,0.682608955023997,1.2519174207782313,0.7966939117950143,1.0154381589318262
"T=100, dt=0.1",227,True,,0.8389013784282646,1.4925225861525666,0.8275510968492557,0.8262558608004684
"T=100, dt=0.1",228,True,,0.5973480033032313,1.60562350632929,0.7962389057385983,1.160374148280334
"T=100, dt=0.1",229,True,,0.918075271893681,1.3855592437949427,0.8290427714606765,0.7550003815375785
"T=100, dt=0.1",230,True,,0.6180709207251811,1.477618297134977,0.8582525819335262,1.1214686815336294
"T=100, dt=0.1",231,True,,0.7101784937648427,1.7033183290221552,0.7679973790210999,0.9760182639231866
"T=100, dt=0.1",232,True,,0.8231019304834649,1.6947652483112445,0.8081127322621733,0.8421158484621848
"T=100, dt=0.1",233,True,,0.6463900874035223,1.3510511297098828,0.809823555182537,1.0723357212116928
"T=100, dt=0.1",234,True,,0.8388580330520864,1.4989064904095075,0.8090768902096473,0.8262985549986458
"T=100, dt=0.1",235,True,,0.8388148477536836,1.5803207035564253,0.7977611508078744,0.8263410959118914
"T=100, dt=0.1",236,True,,0.7118492867632188,1.4735452260482673,0.8201563497886419,0.9737274356369562
"T=100, dt=0.1",237,True,,0.6369812945720996,1.3889410340741914,0.7946775279109498,1.0881750947264093
"T=100, dt=0.1",238,True,,0.7352656199201962,1.3881229157781796,0.8030382050675869,0.942716702346531
"T=100, dt=0.1",239,True,,0.631941794246242,1.4748113266784182,0.81021265124622,1.0968528856153705
"T=100, dt=0.1",240,True,,0.9255870761857805,1.4568535676800507,0.7953382169097553,0.7488730108638847
"T=100, dt=0.1",241,True,,0.7916105635106375,1.5433596018038398,0.7942130662294622,0.8756163857717785
"T=100, dt=0.1",242,True,,0.7961059438809205,1.5779788346355452,0.7930279249507981,0.8706720328966976
"T=100, dt=0.1",243,True,,0.9625021821284542,1.4278965260579755,0.827889755850256,0.7201512821790558
"T=100, dt=0.1",244,True,,0.7818963056913565,1.429973154594275,0.8065418823368884,0.8864950192430712
"T=100, dt=0.1",245,True,,0.5488673297773611,1.4712287193542557,0.8124047945665085,1.2628683526146636
"T=100, dt=0.1",246,True,,0.6644879166038022,1.3870727759499892,0.7747252381511545,1.0431298496782613
"T=100, dt=0.1",247,True,,0.612443614289368,1.6958260239666099,0.8074832616087714,1.1317730553272556
"T=100, dt=0.1",248,True,,0.7099633826800024,1.329165216330983,0.8183564346228964,0.9763139867064996
"T=100, dt=0.1",249,True,,0.8994102022003403,1.2869430671448423,0.7831268148826797,0.770668576878728
"T=100, dt=0.1",250,True,,0.7698266476710599,1.6520605420788639,0.7854079700709705,0.9003938518586082
"T=100, dt=0.1",251,True,,0.7147985071735304,1.3813957701563782,0.792597524115244,0.9697098883163603
"T=100, dt=0.1",252,True,,0.5806145197818694,1.478192922828916,0.8195312268955042,1.1938164771014566
"T=100, dt=0.1",253,True,,0.681174603160464,1.3398328368009484,0.7901410405864863,1.0175763707923517
"T=100, dt=0.1",254,True,,0.45657360737998465,1.2257165113329946,0.774226380597079,1.518149909140656
"T=100, dt=0.1",255,True,,0.7193039094253484,1.5806926134110952,0.8091139176762351,0.963636053519715
"T=100, dt=0.1",256,True,,0.6767771222496092,1.4596564394928746,0.8035337174994593,1.0241882560331266
"T=100, dt=0.1",257,True,,0.738096564860716,1.5007748896689876,0.8374776426732662,0.9391009436424448
"T=100, dt=0.1",258,True,,0.726856314513746,1.5976312034729214,0.7978992429105203,0.9536233870701784
"T=100, dt=0.1",259,True,,0.6329616731471649,1.4312460388810984,0.8027278293764467,1.0950855477765826
"T=100, dt=0.1",260,True,,0.717139016968504,1.5441510778432568,0.7727589327713242,0.9665450688905797
"T=100, dt=0.1",261,True,,0.6231960443718745,1.3626489970997455,0.8086096607883716,1.1122457961981695
"T=100, dt=0.1",262,True,,0.889629120701973,1.7462174905249432,0.8095202827091224,0.7791417394396991
"T=100, dt=0.1",263,True,,0.9354257805875867,1.2974732551349553,0.8122681731664991,0.7409964477615163
"T=100, dt=0.1",264,True,,0.5819604121022148,1.7427472731632967,0.7956684431798671,1.1910555531708602
"T=100, dt=0.1",265,True,,0.6103217556703363,1.471994416361435,0.8160031651921061,1.1357078034988923
"T=100, dt=0.1",266,True,,0.7818322812534145,1.435900238698531,0.8233736394340481,0.8865676145383874
"T=100, dt=0.1",267,True,,0.6909335171853322,1.4515833373491356,0.7928190362022532,1.0032038731940967
"T=100, dt=0.1",268,True,,0.6353992927341412,1.653566787845212,0.7699471325790365,1.0908844068385932
"T=100, dt=0.1",269,True,,0.7866996811534218,1.5346203763832,0.8172731277442896,0.8810823204398478
"T=100, dt=0.1",270,True,,0.8487858032476905,1.4078248108062712,0.8426445419002877,0.8166338054993043
"T=100, dt=0.1",271,True,,0.6551979283315857,1.5760264620975153,0.7783592387538996,1.0579202872710458
"T=100, dt=0.1",272,True,,0.6558734360016494,1.5775626966373275,0.7731261399760208,1.0568306970709547
"T=100, dt=0.1",273,True,,0.8090265934209725,1.481129368970976,0.796816330001326,0.8567668679826326
"T=100, dt=0.1",274,True,,0.7145276392012027,1.4479210215483167,0.8160721166810674,0.9700774925023763
"T=100, dt=0.1",275,True,,0.9487395451401373,1.5339235290264275,0.8180083386921917,0.7305979645420613
"T=100, dt=0.1",276,True,,0.809431825481426,1.387911047887661,0.8347721344515077,0.8563379382169486
"T=100, dt=0.1",277,True,,0.9067839756958631,1.5673523437973196,0.8017611764278034,0.7644016647162588
"T=100, dt=0.1",278,True,,0.8435080088003306,1.5457778472517205,0.8110970015925859,0.8217434491769269
"T=100, dt=0.1",279,True,,0.7138202357066438,1.5541799299463266,0.8108535353005296,0.9710388496814842
"T=100, dt=0.1",280,True,,0.7812160271256605,1.5960335211940948,0.808081931445642,0.8872669741687863
"T=100, dt=0.1",281,True,,0.6692310079516807,1.529845908697613,0.7855606493889623,1.0357367968968816
"T=100, dt=0.1",282,True,,0.7217609626540963,1.3809869489723172,0.7792129425322628,0.9603555975250713
"T=100, dt=0.1",283,True,,0.5313806758199996,1.4568983257562742,0.7696664967242145,1.3044267736878385
"T=100, dt=0.1",284,True,,0.8669720601152605,1.393746180444949,0.8146566554803981,0.7995034816552151
"T=100, dt=0.1",285,True,,0.7474208145584906,1.4758436695310435,0.8076015348203068,0.9273854394453741
"T=100, dt=0.1",286,True,,0.6633405930274094,1.5212508947892798,0.7982551582377845,1.0449340622989798
"T=100, dt=0.1",287,True,,0.6795566553955604,1.414766721329536,0.8416184461946317,1.0199991053821318
"T=100, dt=0.1",288,True,,0.6224122200531614,1.6310197393396413,0.8083340061270464,1.1136464841592317
"T=100, dt=0.1",289,True,,0.5245652233644829,1.638635205720678,0.7579165011384346,1.3213746350057347
"T=100, dt=0.1",290,True,,0.6750880062721173,1.6431910996258448,0.8006981212973128,1.0267508445121873
"T=100, dt=0.1",291,True,,0.5839369961517323,1.665694473705984,0.7813556345897903,1.1870239171827286
"T=100, dt=0.1",292,True,,0.7724710183732327,1.3711355041003541,0.7950730237015537,0.897311567778507
"T=100, dt=0.1",293,True,,0.5389802156670104,1.516831958481924,0.7850954310678295,1.2860345526823223
"T=100, dt=0.1",294,True,,0.6700992257111038,1.3823812401641187,0.7977803600104811,1.0343948388007511
"T=100, dt=0.1",295,True,,0.727408372925919,1.4481600025323527,0.8037961448910139,0.9528996453145544
"T=100, dt=0.1",296,True,,0.9434745031129882,1.5868194030956815,0.800729258263683,0.7346750529801394
"T=100, dt=0.1",297,True,,0.7116586462183367,1.3500109911750293,0.8345645931377581,0.9739882796945432
"T=100, dt=0.1",298,True,,0.7633606422067758,1.3958173954961972,0.8133140580155611,0.908020589791147
"T=100, dt=0.1",299,True,,0.7004677203526322,1.5374999292921305,0.822924187674527,0.9895490690291887
"T=100, dt=0.1",300,True,,0.6298224276989257,1.5551986707329775,0.8098554974623097,1.1005438200928765
"T=100, dt=0.1",301,True,,0.8081067747436346,1.4883267626744714,0.7952630437975262,0.8577420734776549
"T=100, dt=0.1",302,True,,0.7020141439562347,1.4533158315567554,0.76561354226011,0.9873692524963682
"T=100, dt=0.1",303,True,,0.8195341167044464,1.3942662943792374,0.8368496731256265,0.8457819710389424
"T=100, dt=0.1",304,True,,0.7364103304502231,1.562969221634467,0.7923439688737403,0.9412512995793694
"T=100, dt=0.1",305,True,,0.670583609736259,1.5796341802422893,0.8193276161733227,1.0336476622692292
"T=100, dt=0.1",306,True,,0.9437120120768918,1.4915935532265303,0.8039189003467706,0.7344901534468007
"T=100, dt=0.1",307,True,,0.6740354108638833,1.4961941199010742,0.8040733707504166,1.0283542517025437
"T=100, dt=0.1",308,True,,0.6715312431071394,1.6472805970839106,0.7922858398803606,1.0321890272041403
"T=100, dt=0.1",309,True,,0.8291130726681424,1.373806842879483,0.7879028371347202,0.8360104350174463
"T=100, dt=0.1",310,True,,0.7579956977458239,1.7170636229137939,0.8218476164446468,0.9144473809300907
"T=100, dt=0.1",311,True,,0.9560231691671407,1.6740830459256446,0.7739409322101527,0.7250317805203348
"T=100, dt=0.1",312,True,,0.5758154917447462,1.549689885597414,0.8427324473039718,1.2037661203933205
"T=100, dt=0.1",313,True,,0.7911984632946911,1.2966548795214083,0.8005697738635831,0.8760724555423897
"T=100, dt=0.1",314,True,,0.6093712657539785,1.461022702356496,0.7828582269648192,1.1374792667690203
"T=100, dt=0.1",315,True,,0.8079915500084531,1.734786876064096,0.793193509498358,0.8578643929539779
"T=100, dt=0.1",316,True,,0.5655646328375389,1.5536234460988354,0.7821853515941124,1.2255843811914156
"T=100, dt=0.1",317,True,,0.8852383290302575,1.5092080675221258,0.7780925764212331,0.783006290881304
"T=100, dt=0.1",318,True,,0.7283776172511092,1.244383564925102,0.7934318759802269,0.9516316319217452
"T=100, dt=0.1",319,True,,0.6862260278370548,1.5937293787822806,0.7981302609884634,1.010085820767693
"T=100, dt=0.1",320,True,,0.704489756951476,1.4378710511189465,0.7983540386675958,0.9838995865027006
"T=100, dt=0.1",321,True,,0.7734781924570574,1.501752763669108,0.805431659832005,0.8961431457531727
"T=100, dt=0.1",322,True,,0.7804437142591799,1.7084280204266005,0.8255681235394762,0.8881449973851105
"T=100, dt=0.1",323,True,,0.8384838411385154,1.4770259643735018,0.7850126935172461,0.8266673089594331
"T=100, dt=0.1",324,True,,0.7531840331206547,1.4183580843310826,0.7890771026097476,0.9202892654110579
"T=100, dt=0.1",325,True,,0.8298782226094499,1.5639057701949561,0.8342048251085709,0.835239631159894
"T=100, dt=0.1",326,True,,0.7732161765981013,1.4828313298418268,0.8174465485430294,0.8964468172530566
"T=100, dt=0.1",327,True,,0.9409427865091571,1.6174693043597446,0.7949117015995565,0.7366517821253309
"T=100, dt=0.1",328,True,,0.7685291411028031,1.479675964177479,0.7936334085042452,0.9019139854154544
"T=100, dt=0.1",329,True,,0.8808959874611985,1.4964052681444324,0.8209792089973786,0.7868660891028033
"T=100, dt=0.1",330,True,,0.8531493733320734,1.4515400333266566,0.8088149739525113,0.8124570001766267
"T=100, dt=0.1",331,True,,0.777270334148047,1.4440034401235744,0.8138817755910482,0.8917710481253505
"T=100, dt=0.1",332,True,,0.8257492557495741,1.4407788395661214,0.804066456418648,0.8394160524319707
"T=100, dt=0.1",333,True,,0.8356007393264965,1.309721547587357,0.7758177369458239,0.829519587451095
"T=100, dt=0.1",334,True,,0.8364005098029966,1.4483358368781791,0.8181342264376545,0.8287263965479973
"T=100, dt=0.1",335,True,,0.6867432822304589,1.3529500065285835,0.7937036597524724,1.0093250250787853
"T=100, dt=0.1",336,True,,0.9245575524938521,1.2006949232719508,0.764860605340477,0.7497069043352543
"T=100, dt=0.1",337,True,,0.8267571998662817,1.5079001773497727,0.8127394249006642,0.838392675228052
"T=100, dt=0.1",338,True,,0.7227108948731017,1.497916976916409,0.7961517310148096,0.9590933047738994
"T=100, dt=0.1",339,True,,0.7604248881703696,1.547445412785823,0.7907263740922303,0.9115261629951399
"T=100, dt=0.1",340,True,,0.7354206407903966,1.6165566037236094,0.7935458228293608,0.9425179851016723
"T=100, dt=0.1",341,True,,0.6617769834333359,1.4954256761428422,0.7714914665949868,1.047402973980538
"T=100, dt=0.1",342,True,,0.7837646324264891,1.4609257323486038,0.8188968486966185,0.8843818053055067
"T=100, dt=0.1",343,True,,0.5996290310383835,1.5823344279364722,0.7769410436101619,1.155960009740715
"T=100, dt=0.1",344,True,,0.7424143379120063,1.4180412272289569,0.7967408078299536,0.9336392701000067
"T=100, dt=0.1",345,True,,0.9324168736636138,1.5410057581692236,0.8099649707118797,0.743387641448894
"T=100, dt=0.1",346,True,,0.7345686022223625,1.4852611202561292,0.8192310787841581,0.9436112276823417
"T=100, dt=0.1",347,True,,0.7232098262691117,1.552435602900878,0.7543312291064792,0.9584316409744412
"T=100, dt=0.1",348,True,,0.7149773907067478,1.5951604308520193,0.8170110262592973,0.9694672720696474
"T=100, dt=0.1",349,True,,0.8640090193555653,1.555755393915851,0.8333431416058571,0.8022453065095779
"T=100, dt=0.1",350,True,,0.9811726211713734,1.6193812889388255,0.8478033108624784,0.7064477397793991
"T=100, dt=0.1",351,True,,0.65648073546035,1.4702761271978089,0.7918569730774332,1.055853040491559
"T=100, dt=0.1",352,True,,0.7139750966220628,1.608756477522144,0.7929129464421492,0.9708282317399333
"T=100, dt=0.1",353,True,,0.681185988665641,1.5237390556033854,0.7843210253277453,1.0175593627780495
"T=100, dt=0.1",354,True,,0.808512588298953,1.3398828973063905,0.8224829757037182,0.8573115503597446
"T=100, dt=0.1",355,True,,0.5834686991109969,1.3404205627168324,0.8088447311485663,1.1879766328786108
"T=100, dt=0.1",356,True,,0.7784272778796627,1.4669556790934033,0.8421082139815695,0.8904456463139246
"T=100, dt=0.1",357,True,,0.7719489317179759,1.4220171870242957,0.8190300319699588,0.8979184400415492
"T=100, dt=0.1",358,True,,0.6147156178431273,1.4501867871766025,0.7889563829325084,1.1275899951786053
"T=100, dt=0.1",359,True,,0.7019216875095231,1.5084150288790912,0.8317377642794168,0.9874993078206338
"T=100, dt=0.1",360,True,,0.6066288720955518,1.5997209026109405,0.7952205749152012,1.142621481508987
"T=100, dt=0.1",361,True,,0.5891533845630442,1.645611524302077,0.7904674128410019,1.1765139583710105
"T=100, dt=0.1",362,True,,0.7170884761083154,1.567912945731536,0.8021760271995462,0.9666131916129778
"T=100, dt=0.1",363,True,,0.5015957584739809,1.6182403573198891,0.7978327364119159,1.3818840547390727
"T=100, dt=0.1",364,True,,0.6261111792031451,1.6365021804153659,0.794145898296103,1.1070672487306763
"T=100, dt=0.1",365,True,,0.6648460309118396,1.5870044146917552,0.7770544182199023,1.0425679756398494
"T=100, dt=0.1",366,True,,0.6556891211425719,1.488511676472895,0.801368360234602,1.0571277732229274
"T=100, dt=0.1",367,True,,0.8663446495611454,1.3270208871649696,0.7974436144790379,0.8000824855455217
"T=100, dt=0.1",368,True,,0.6912486768916971,1.6266764098622644,0.8030530046455624,1.002746484343066
"T=100, dt=0.1",369,True,,0.6248741118602424,1.4737055117223177,0.7729255861928017,1.1092589169624179
"T=100, dt=0.1",370,True,,0.6828228728104153,1.4465847918119377,0.8294064448521482,1.0151200379492802
"T=100, dt=0.1",371,True,,0.6093403703638705,1.6106290290992318,0.8211568737526409,1.1375369403901947
"T=100, dt=0.1",372,True,,0.7044692648269609,1.4694079473499835,0.8033381167316289,0.9839282069036799
"T=100, dt=0.1",373,True,,0.8445045044935263,1.4990118598803797,0.8194857178380661,0.8207738110001505
"T=100, dt=0.1",374,True,,0.8749890264992852,1.3598914876346277,0.8005351634359154,0.7921781411741071
"T=100, dt=0.1",375,True,,0.6048427534546661,1.3736663806200489,0.7845206985306834,1.1459956767290553
"T=100, dt=0.1",376,True,,0.8783917405305838,1.4862443212809786,0.8127315241467351,0.789109401394481
"T=100, dt=0.1",377,True,,0.9026641958779671,1.6202474137243947,0.81397254874821,0.767890411212957
"T=100, dt=0.1",378,True,,0.7938775776945579,1.5837113410762607,0.7980304773358712,0.8731159564587573
"T=100, dt=0.1",379,True,,0.7719309787705994,1.5446409902231022,0.7369214266458372,0.8979393231035662
"T=100, dt=0.1",380,True,,0.5199937389881669,1.417252063488031,0.7723765077108309,1.3329913969901062
"T=100, dt=0.1",381,True,,0.6866488406224321,1.376504803849533,0.7981234808273687,1.0094638475346767
"T=100, dt=0.1",382,True,,0.8698041954614278,1.3586712691323555,0.8059869781265385,0.7969002497076176
"T=100, dt=0.1",383,True,,0.656127465831445,1.519416915928364,0.7970787051026096,1.0564215288283794
"T=100, dt=0.1",384,True,,0.6485823785773444,1.6751541002025336,0.7992516921278813,1.0687110896850962
"T=100, dt=0.1",385,True,,0.5287130956699072,1.67746066479797,0.7900041670638496,1.311008155910516
"T=100, dt=0.1",386,True,,0.8049999334528698,1.4434824368606365,0.8145760059994942,0.8610524693919455
"T=100, dt=0.1",387,True,,0.8579979136625036,1.4904711684231575,0.7966709002015143,0.807865811236223
"T=100, dt=0.1",388,True,,0.7077891739580229,1.2723903864207076,0.7887990328324512,0.9793130582710128
"T=100, dt=0.1",389,True,,0.670662880873272,1.4299897392805696,0.7951220982479372,1.0335254869889272
"T=100, dt=0.1",390,True,,0.7647316625574849,1.483958126247256,0.8074924778507427,0.9063926792855153
"T=100, dt=0.1",391,True,,0.7813997666811762,1.580802994267984,0.7890445546758016,0.8870583408335732
"T=100, dt=0.1",392,True,,0.8405600391141195,1.4347113912710339,0.8210180870464868,0.8246254262699246
"T=100, dt=0.1",393,True,,0.8070121681367255,1.5692442531379815,0.8089722021907038,0.8589054885756209
"T=100, dt=0.1",394,True,,0.5734704120671508,1.4942056473473697,0.8014805173338181,1.2086886541563733
"T=100, dt=0.1",395,True,,0.933523234342255,1.5926784102745022,0.8049512323507407,0.7425066190755555
"T=100, dt=0.1",396,True,,0.6663180351632472,1.4465238714923412,0.8112537823205836,1.0402647744483233
"T=100, dt=0.1",397,True,,0.8877575271313578,1.642193678891704,0.8249199402242026,0.7807843463741009
"T=100, dt=0.1",398,True,,0.7501466572021487,1.3753793915364307,0.7876611408565326,0.9240155560316744
"T=100, dt=0.1",399,True,,0.7373942341921808,1.4317371439212587,0.8044508084866717,0.9399953897378811
"T=100, dt=0.1",400,True,,0.7314064609136239,1.8378219893587515,0.778757257222723,0.9476908088754264
"T=100, dt=0.1",401,True,,0.9039708365671335,1.673719839547876,0.7896361454124629,0.7667804673790144
"T=100, dt=0.1",402,True,,0.7723088820487339,1.3984836639355294,0.7893191712104652,0.8974999468104092
"T=100, dt=0.1",403,True,,0.801976032203992,1.5352664501128654,0.7949733340021616,0.8642991220760512
"T=100, dt=0.1",404,True,,0.7023466483734833,1.5702900815412473,0.7958995566420143,0.986901812894185
"T=100, dt=0.1",405,True,,1.0676370606257102,1.59331584747953,0.8163825581801561,0.6492348440524465
"T=100, dt=0.1",406,True,,0.6939758656822548,1.6020259099135705,0.7850278222577802,0.9988058876925139
"T=100, dt=0.1",407,True,,0.7064801613011507,1.3302144653843526,0.8323188413767146,0.9811275935666056
"T=100, dt=0.1",408,True,,0.6749889447600379,1.7589356921537398,0.8143807567510103,1.0269015306707916
"T=100, dt=0.1",409,True,,1.0831946053413397,1.5084189327542048,0.7959416846367374,0.6399101113890043
"T=100, dt=0.1",410,True,,0.805946292533621,1.6012705999152475,0.8163071792913728,0.8600414034797856
"T=100, dt=0.1",411,True,,0.8152268523166719,1.3472655943833498,0.7848882685069655,0.8502506738954849
"T=100, dt=0.1",412,True,,0.763843680864535,1.5607668554155123,0.7893753983790389,0.9074463766924485
"T=100, dt=0.1",413,True,,0.8092667150241748,1.5780907545661682,0.8029914954706971,0.8565126523697929
"T=100, dt=0.1",414,True,,0.7967269338320068,1.3797461909138402,0.7901728571017895,0.8699934081883296
"T=100, dt=0.1",415,True,,0.6056985546786468,1.502811378278722,0.7921799891874416,1.1443764810165253
"T=100, dt=0.1",416,True,,0.6476106155761332,1.3976433916493671,0.7982094810366906,1.0703147290803772
"T=100, dt=0.1",417,True,,0.6343214560589224,1.4344102592342534,0.7832191876074774,1.0927380335934254
"T=100, dt=0.1",418,True,,0.7943383274801064,1.475705067331123,0.8370764984800922,0.8726095123205605
"T=100, dt=0.1",419,True,,0.8600343173404452,1.3875695060274529,0.7898459578280097,0.8059529330218139
"T=100, dt=0.1",420,True,,0.678747441292989,1.4761725830282675,0.8160909307745865,1.021215165451711
"T=100, dt=0.1",421,True,,0.858897211943826,1.5710993866434906,0.7999933700236098,0.8070199447862206
"T=100, dt=0.1",422,True,,0.9466816726697148,1.4273030247767615,0.8373584805955436,0.7321861197600004
"T=100, dt=0.1",423,True,,0.9727925731518713,1.410411206759702,0.8372834784740484,0.7125333803835815
"T=100, dt=0.1",424,True,,0.654083695349334,1.7957233072936285,0.8203187407609912,1.0597224567564678
"T=100, dt=0.1",425,True,,0.9351113488945362,1.6368418571525134,0.7872021655487623,0.7412456082148564
"T=100, dt=0.1",426,True,,0.7859962830288658,1.3723123908387544,0.8425019043645688,0.881870812275189
"T=100, dt=0.1",427,True,,0.6452697151268111,1.4238697450425621,0.8023225287755374,1.0741976018876465
"T=100, dt=0.1",428,True,,0.6657809644026742,1.6970185710299124,0.8226669575273967,1.04110393300569
"T=100, dt=0.1",429,True,,0.6563562829455039,1.5546093741275655,0.7940114440948128,1.0560532420735524
"T=100, dt=0.1",430,True,,0.6735183718497769,1.4032005539985948,0.7561506712656483,1.029143687136936
"T=100, dt=0.1",431,True,,0.7656057744685608,1.3877690286685151,0.7843017089625285,0.9053578273244973
"T=100, dt=0.1",432,True,,0.7696331057800974,1.7186451022461882,0.782343787716011,0.9006202765373168
"T=100, dt=0.1",433,True,,0.556077214020765,1.3779078731159347,0.775301415233483,1.246494485087932
"T=100, dt=0.1",434,True,,0.7724675704415942,1.3751201352072442,0.8168565833638192,0.8973155729549862
"T=100, dt=0.1",435,True,,0.5906733899201982,1.6077438806749924,0.7832651395360729,1.1734863841650147
"T=100, dt=0.1",436,True,,0.6744736710473779,1.4406098181958464,0.7733070987518779,1.0276860466377726
"T=100, dt=0.1",437,True,,0.7104562617518764,1.4434961240381592,0.7750746017209661,0.9756366688228638
"T=100, dt=0.1",438,True,,0.6166652852978038,1.5528128389143887,0.7834495760810336,1.1240249728427738
"T=100, dt=0.1",439,True,,0.8801049794921002,1.6276102573013793,0.8432815603298645,0.7875732971763818
"T=100, dt=0.1",440,True,,0.8456341804792328,1.3143977862680123,0.7912603231716966,0.819677345784591
"T=100, dt=0.1",441,True,,0.8566179368130014,1.575082412760577,0.790891720893035,0.8091672503832458
"T=100, dt=0.1",442,True,,0.6800743811105425,1.5467013505500862,0.7881076717647547,1.0192226024277744
"T=100, dt=0.1",443,True,,0.9024923981741195,1.5548644558118507,0.7961610401299539,0.7680365861942863
"T=100, dt=0.1",444,True,,0.9220752577419785,1.3606811609467475,0.7957736933888748,0.7517251707386194
"T=100, dt=0.1",445,True,,0.8045776645889475,1.481884390344999,0.7999995780186753,0.861504378093902
"T=100, dt=0.1",446,True,,0.5730038228259595,1.4134666482882505,0.7838460849138911,1.209672872933829
"T=100, dt=0.1",447,True,,0.6187039730986965,1.6532354546659438,0.8280476358861456,1.1203212048056033
"T=100, dt=0.1",448,True,,0.5527341970762978,1.7523376141672589,0.7520390193176587,1.2540334653190732
"T=100, dt=0.1",449,True,,0.5835724492503007,1.430518233973866,0.8222637407498894,1.1877654290404083
"T=100, dt=0.1",450,True,,0.6686990695498443,1.4100258590432622,0.7768553853121342,1.0365607073845027
"T=100, dt=0.1",451,True,,0.8254222128186123,1.3932410490539249,0.794097544841955,0.8397486399027468
"T=100, dt=0.1",452,True,,0.6986012540235326,1.646921762971803,0.8119375020927044,0.9921928661991729
"T=100, dt=0.1",453,True,,0.9062931934396482,1.4917358129210219,0.810057257493429,0.7648156088751463
"T=100, dt=0.1",454,True,,0.639758775704878,1.605313035521284,0.7898810323917094,1.0834508362878563
"T=100, dt=0.1",455,True,,0.7610430980559916,1.5210875953058518,0.794339971914916,0.910785712833505
"T=100, dt=0.1",456,True,,0.7033331366470918,1.6954133696904352,0.8285263980441807,0.9855175939303745
"T=100, dt=0.1",457,True,,0.7137775306043198,1.514067465443125,0.8003883697657481,0.9710969466538014
"T=100, dt=0.1",458,True,,0.7994977103637154,1.6313394296646844,0.8190795009694455,0.8669783184802516
"T=100, dt=0.1",459,True,,0.5991351079766867,1.4290952911249784,0.7664530811880382,1.1569129756070258
"T=100, dt=0.1",460,True,,1.0020916756926381,1.588107371516203,0.8415949173055228,0.6917003677142086
"T=100, dt=0.1",461,True,,0.6858364086895282,1.3864199570257307,0.8274553052701898,1.0106596438710307
"T=100, dt=0.1",462,True,,0.8637975606443234,1.645346708371107,0.8114915447035637,0.802441697152876
"T=100, dt=0.1",463,True,,0.6754090145271685,1.5800073595389714,0.7936042217931025,1.026262850585722
"T=100, dt=0.1",464,True,,0.7387555128246887,1.4142192292858664,0.7935752208115275,0.9382632935078123
"T=100, dt=0.1",465,True,,0.9398877453133658,1.3477962246981412,0.809984582639614,0.737478687232851
"T=100, dt=0.1",466,True,,0.67130359020543,1.5442573945982596,0.8010417488108443,1.03253906380544
"T=100, dt=0.1",467,True,,1.0688397624577375,1.5519811151689828,0.7913001956661577,0.6485042986856066
"T=100, dt=0.1",468,True,,1.0190018986012936,1.5023099917769154,0.8131428348044281,0.6802216772229528
"T=100, dt=0.1",469,True,,0.5926282567262747,1.468765054347396,0.7751546548087418,1.1696154759628659
"T=100, dt=0.1",470,True,,0.5534439112326013,1.60033634425973,0.8219270579039006,1.252425343367143
"T=100, dt=0.1",471,True,,0.592135972139923,1.5932804688167652,0.7756002440957076,1.1705878601750497
"T=100, dt=0.1",472,True,,0.6930604502489935,1.4900979964360845,0.8049347633454391,1.0001251410478271
"T=100, dt=0.1",473,True,,0.7262871466222794,1.6244133255965039,0.8060195917344718,0.9543707110659232
"T=100, dt=0.1",474,True,,0.7450006429712952,1.6559974136542515,0.8044463793245701,0.9303980971015782
"T=100, dt=0.1",475,True,,0.8753455702083153,1.261619364050835,0.8076025381471524,0.7918554730276292
"T=100, dt=0.1",476,True,,0.7950367570008057,1.5410416389528923,0.7886370718831235,0.8718429361364016
"T=100, dt=0.1",477,True,,0.7813466538322572,1.5750260408340706,0.7968895450300111,0.8871186395440211
"T=100, dt=0.1",478,True,,0.7622065876197771,1.4341285703088338,0.7825984279575237,0.9093954208983015
"T=100, dt=0.1",479,True,,0.7346595378167429,1.3098495631558054,0.8101073477080265,0.9434944282079781
"T=100, dt=0.1",480,True,,0.9129510429152238,1.641189131438079,0.8289815997636817,0.7592380620395552
"T=100, dt=0.1",481,True,,0.7041271046544987,1.6316683588155003,0.7823404934893317,0.9844063322914675
"T=100, dt=0.1",482,True,,0.8008421981107272,1.4839563435110705,0.7972165375586485,0.8655227986176977
"T=100, dt=0.1",483,True,,0.5590397183857628,1.517477757446166,0.7975952224368622,1.239888969895413
"T=100, dt=0.1",484,True,,0.7014238150292458,1.4280025534912064,0.7888993374992461,0.9882002374428143
"T=100, dt=0.1",485,True,,0.7380997080010657,1.3354645742210736,0.7773467709854599,0.9390969445539253
"T=100, dt=0.1",486,True,,1.0359085685357778,1.478904926034693,0.8008815543192817,0.6691200378231118
"T=100, dt=0.1",487,True,,0.6645991656981783,1.5417594825764889,0.7856750495176305,1.042955237284682
"T=100, dt=0.1",488,True,,0.9318198343591456,1.5244370048909701,0.7968464109590233,0.7438639477304685
"T=100, dt=0.1",489,True,,0.9198670205038307,1.6575629172941038,0.8220284195265046,0.7535297658353854
"T=100, dt=0.1",490,True,,0.8396962880269033,1.542305588264509,0.8086653373866746,0.8254736747600548
"T=100, dt=0.1",491,True,,1.0357830350762682,1.599253167812466,0.7985584454023185,0.6692011329466373
"T=100, dt=0.1",492,True,,1.0280901702208984,1.485115392313986,0.7953650146191454,0.6742085476909225
"T=100, dt=0.1",493,True,,0.5047514320475299,1.4460960896805115,0.7948118285546105,1.37324460427618
"T=100, dt=0.1",494,True,,0.6431619480267415,1.3906037475408635,0.8046447813026777,1.077717956863837
"T=100, dt=0.1",495,True,,0.7674460515516562,1.4149159184596487,0.789707525741638,0.9031868483243999
"T=100, dt=0.1",496,True,,0.6317523565457456,1.386066083503884,0.8137244187000817,1.0971817886836075
"T=100, dt=0.1",497,True,,0.9713975655392424,1.5452969930821143,0.7570042664230442,0.7135566375186099
"T=100, dt=0.1",498,True,,0.7685728065043346,1.4702871793191703,0.7880804761283678,0.9018627444191731
"T=100, dt=0.1",499,True,,0.6789171245875125,1.343773400588127,0.8078161411211813,1.020959930832616
"T=300, dt=0.1",0,True,,0.7040347524185275,1.5535233522989071,0.8130016367539098,0.9845354624595152
"T=300, dt=0.1",1,True,,0.732966485642716,1.436973643877987,0.7934406137963189,0.9456737710894729
"T=300, dt=0.1",2,True,,0.6922657672743707,1.405123255322333,0.8186786534702913,1.0012732296283333
"T=300, dt=0.1",3,True,,0.6923270485203942,1.5271427970164597,0.7946446542227186,1.0011846020479827
"T=300, dt=0.1",4,True,,0.9192436235597254,1.470717302706355,0.8095796909889349,0.7540407817851019
"T=300, dt=0.1",5,True,,0.8503207255263484,1.3944593344917546,0.7898550693550083,0.8151596918102723
"T=300, dt=0.1",6,True,,0.7183251434462129,1.3939902008088927,0.7984714502726106,0.964949071996179
"T=300, dt=0.1",7,True,,0.8052626617329126,1.569987222453777,0.7966687049444621,0.8607715389017335
"T=300, dt=0.1",8,True,,0.7357840122801519,1.516632493364168,0.7965424984805695,0.9420525167595345
"T=300, dt=0.1",9,True,,0.7400263824299599,1.442841619213665,0.8040213747154308,0.9366519856818057
"T=300, dt=0.1",10,True,,0.7313649404830844,1.4708083067881914,0.8065935336418167,0.9477446103748214
"T=300, dt=0.1",11,True,,0.6640558139376169,1.4777542082554633,0.8101725144017253,1.0438086167032057
"T=300, dt=0.1",12,True,,0.7688248770511724,1.4491372974627,0.808185903990331,0.901567055450275
"T=300, dt=0.1",13,True,,0.7680619643693365,1.4620405738347748,0.8022076245553751,0.9024625781711447
"T=300, dt=0.1",14,True,,0.6904448481736803,1.5325198638859334,0.8005058419447945,1.003913900427258
"T=300, dt=0.1",15,True,,0.6335337757202162,1.4695890993696277,0.7949896096599135,1.094096648236251
"T=300, dt=0.1",16,True,,0.7589672129623961,1.4792557944965468,0.8138482134641731,0.9132768434811005
"T=300, dt=0.1",17,True,,0.7454064109556049,1.4752155361341492,0.8042325283046556,0.929891627402743
"T=300, dt=0.1",18,True,,0.8004694077524358,1.5558947940012675,0.7843865343693833,0.865925885295441
"T=300, dt=0.1",19,True,,0.7444851408481357,1.6193400884937423,0.8010766703897605,0.931042330502789
"T=300, dt=0.1",20,True,,0.8000390379424867,1.5097381788078326,0.8048730105601525,0.8663916980133342
"T=300, dt=0.1",21,True,,0.6820748596761003,1.5721165535498514,0.7979960052352748,1.0162332927636462
"T=300, dt=0.1",22,True,,0.7318246868275341,1.5427393864124481,0.8084532940851297,0.9471492189813162
"T=300, dt=0.1",23,True,,0.7432267042453905,1.5639617914819026,0.8009004378421702,0.932618777824605
"T=300, dt=0.1",24,True,,0.635861200543622,1.4336185038955767,0.7978847631687461,1.0900919571242078
"T=300, dt=0.1",25,True,,0.7041823391255617,1.4766197835528807,0.7963854069681097,0.9843291176837526
"T=300, dt=0.1",26,True,,0.6860367926917906,1.4556835851023782,0.7725570567066967,1.010364441009433
"T=300, dt=0.1",27,True,,0.8408963715951051,1.4658152939910545,0.7936281004981447,0.8242956016626724
"T=300, dt=0.1",28,True,,0.7343492243893466,1.6732394610735024,0.8041010963254014,0.9438931199748142
"T=300, dt=0.1",29,True,,0.8046210216245822,1.5870567409208554,0.8161893337163146,0.8614579558963499
"T=300, dt=0.1",30,True,,0.8916230282512313,1.4190797765902907,0.7959982190867564,0.7773993701345253
"T=300, dt=0.1",31,True,,0.8187503992614457,1.4120135149414708,0.7972697608426432,0.8465915634181054
"T=300, dt=0.1",32,True,,0.6990862484204574,1.5787983500111973,0.8025001814597549,0.9915045276975036
"T=300, dt=0.1",33,True,,0.5750942779823274,1.5007600153550076,0.792461476881076,1.205275738426397
"T=300, dt=0.1",34,True,,0.6616569701535415,1.428472406915301,0.8130255385078101,1.04759295500068
"T=300, dt=0.1",35,True,,0.8504303199916774,1.4301454763678931,0.8136383101943913,0.8150546426504744
"T=300, dt=0.1",36,True,,0.7693356355215841,1.503684673586925,0.8045362057897604,0.9009685091345268
"T=300, dt=0.1",37,True,,0.7075241581427935,1.5496171105461054,0.7883985707666378,0.9796798774750154
"T=300, dt=0.1",38,True,,0.6899253445061587,1.4546581222729407,0.8048617553823626,1.004669832873139
"T=300, dt=0.1",39,True,,0.7854582545419566,1.564360351334112,0.7949667469427754,0.8824748820854357
"T=300, dt=0.1",40,True,,0.6420512523170449,1.4611791838244241,0.7942029654198012,1.0795823200383219
"T=300, dt=0.1",41,True,,0.7331607375214436,1.528107933239404,0.7886909522187018,0.9454232136096513
"T=300, dt=0.1",42,True,,0.6320770028645432,1.454902284610376,0.7982282042225706,1.096618256033102
"T=300, dt=0.1",43,True,,0.8075992966238511,1.4291250677230862,0.7926135072473078,0.8582810602456317
"T=300, dt=0.1",44,True,,0.6996344893534049,1.5891614232514815,0.8001824929434898,0.9907275743374871
"T=300, dt=0.1",45,True,,0.6877223396379909,1.4518997114369117,0.7992347949918281,1.0078881266599686
"T=300, dt=0.1",46,True,,0.8308205702227374,1.5845850456241157,0.8183723889238679,0.8342922712832173
"T=300, dt=0.1",47,True,,0.7916691405460963,1.3734262701250344,0.7854035557089358,0.875551597327401
"T=300, dt=0.1",48,True,,0.8643923393232736,1.4811522700264783,0.8087661340539607,0.8018895460163438
"T=300, dt=0.1",49,True,,0.6901761436350993,1.3194862139827253,0.7862141105039945,1.0043047516959913
"T=300, dt=0.1",50,True,,0.6183521471866155,1.4932880221959972,0.7925196601240605,1.1209586377497562
"T=300, dt=0.1",51,True,,0.8143658426943118,1.4623930516061983,0.8005365632097213,0.8511496236957616
"T=300, dt=0.1",52,True,,0.5565930666432863,1.6519698326514312,0.7898665616207923,1.2453392291431018
"T=300, dt=0.1",53,True,,0.7508398059613847,1.4812168140358088,0.8180678078895418,0.9231625375434525
"T=300, dt=0.1",54,True,,0.8908704028977474,1.5055538220053835,0.7988954102716236,0.7780561328621257
"T=300, dt=0.1",55,True,,0.6735662812332057,1.4853588853497555,0.7854400590097703,1.0290704862643802
"T=300, dt=0.1",56,True,,0.7334812066370494,1.3907796312363723,0.8112408348702631,0.9450101438017311
"T=300, dt=0.1",57,True,,0.7208108350050337,1.4551451850121326,0.8209230735415318,0.9616214780610294
"T=300, dt=0.1",58,True,,0.6962581953609579,1.4031099972505592,0.8007128652994936,0.9955318087144385
"T=300, dt=0.1",59,True,,0.80520892215601,1.5769391116716822,0.7920691673113841,0.8608289867230847
"T=300, dt=0.1",60,True,,0.6193594500579785,1.5602096813523028,0.8133688947927126,1.119135552860394
"T=300, dt=0.1",61,True,,0.7611228388897127,1.3722905684716462,0.8070926757937309,0.9106902922149507
"T=300, dt=0.1",62,True,,0.688781023519304,1.5594592390417243,0.7932168460185044,1.0063389624445989
"T=300, dt=0.1",63,True,,0.6874906562945291,1.4150771511082934,0.7962894534264101,1.0082277834813116
"T=300, dt=0.1",64,True,,0.8053736384708771,1.5605135777984904,0.793979497885376,0.8606529285909946
"T=300, dt=0.1",65,True,,0.6690447266561974,1.574475665114877,0.8046118917397158,1.036025175811801
"T=300, dt=0.1",66,True,,0.7225391617836747,1.5412312038767724,0.7817322816165069,0.9593212620459606
"T=300, dt=0.1",67,True,,0.768290009852914,1.4218071697193608,0.7872216213609572,0.9021947072989346
"T=300, dt=0.1",68,True,,0.6638357661579888,1.4831104189386188,0.8002000649682377,1.0441546175970586
"T=300, dt=0.1",69,True,,0.5324126941961208,1.4974874167482002,0.7990927200710172,1.301898298286284
"T=300, dt=0.1",70,True,,0.6156035006784814,1.4974987587294077,0.8056889832492241,1.1259636759635057
"T=300, dt=0.1",71,True,,0.7076292058551845,1.4670243296931196,0.8063156517393615,0.979534443780147
"T=300, dt=0.1",72,True,,0.6451685263139934,1.4924719205163042,0.7895599779181216,1.0743660800071353
"T=300, dt=0.1",73,True,,0.6905382008187697,1.4165242478004254,0.8091140486877377,1.003778183072395
"T=300, dt=0.1",74,True,,0.8119311882443883,1.532854613834473,0.8100547925942295,0.8537018784297649
"T=300, dt=0.1",75,True,,0.7447233939443019,1.5045268842423236,0.8105812085882853,0.9307444699552248
"T=300, dt=0.1",76,True,,0.6295961620420435,1.4355438373570948,0.8137460511781582,1.10093933595748
"T=300, dt=0.1",77,True,,0.669602506023247,1.4087533833089392,0.7876349852762886,1.035162166098406
"T=300, dt=0.1",78,True,,0.6612886596299039,1.5181256717677787,0.8107913600357584,1.0481764210925246
"T=300, dt=0.1",79,True,,0.7354530107252255,1.5749005445065611,0.7956576849595844,0.9424765014918319
"T=300, dt=0.1",80,True,,0.6529344145070118,1.502284033448022,0.7963255827817795,1.0615877569928605
"T=300, dt=0.1",81,True,,0.6455363668273112,1.4770475317959835,0.8000507485870808,1.0737538830951263
"T=300, dt=0.1",82,True,,0.7368330879630373,1.4911001853102688,0.8123037691526414,0.9407112572484212
"T=300, dt=0.1",83,True,,0.6821469973266137,1.4203203964353643,0.8157200256220858,1.0161258251908198
"T=300, dt=0.1",84,True,,0.7165198534855485,1.4154953456152477,0.8071239701813724,0.9673802856795864
"T=300, dt=0.1",85,True,,0.8061172775418954,1.4967632108428663,0.8038951719481592,0.8598589806604425
"T=300, dt=0.1",86,True,,0.6650596475067629,1.453064535269529,0.8012753242140673,1.0422331036899914
"T=300, dt=0.1",87,True,,0.7293990574695737,1.509862794910343,0.7925246252167031,0.9502989803203296
"T=300, dt=0.1",88,True,,0.6327045492119329,1.5404018656109677,0.7854936164454739,1.0955305780925662
"T=300, dt=0.1",89,True,,0.6389705722625747,1.5148602347985973,0.794936032493225,1.0847873292592065
"T=300, dt=0.1",90,True,,0.6536953933881231,1.4358172044860897,0.8004167480502412,1.0603519430775585
"T=300, dt=0.1",91,True,,0.7846194216270863,1.4175686408321717,0.7863042018669889,0.8834183318105323
"T=300, dt=0.1",92,True,,0.7261540017404123,1.5264356845425255,0.8124659617750012,0.9545457009100579
"T=300, dt=0.1",93,True,,0.6839917383842501,1.5020883457501302,0.795772449399165,1.0133853110526196
"T=300, dt=0.1",94,True,,0.6401416462029093,1.5209260953449917,0.8043148323652506,1.0828028213309442
"T=300, dt=0.1",95,True,,0.7382539485190764,1.6642527036584585,0.80005871440956,0.9389007426921123
"T=300, dt=0.1",96,True,,0.6973267670634176,1.5016721466816605,0.7882480225998181,0.994006272667442
"T=300, dt=0.1",97,True,,0.5938579456643028,1.6320314521283343,0.7967775425997643,1.1671935782295129
"T=300, dt=0.1",98,True,,0.7974549690873773,1.4234891572253672,0.814396221618322,0.8691991490794723
"T=300, dt=0.1",99,True,,0.6564180669739903,1.4962694696611463,0.8124377551674822,1.0559538431891002
"T=300, dt=0.1",100,True,,0.6329938992479207,1.411550990672464,0.7828334993015242,1.0950297963116145
"T=300, dt=0.1",101,True,,0.7631544022491905,1.6113380492369758,0.8029308957507144,0.9082659793576268
"T=300, dt=0.1",102,True,,0.7962633019714167,1.4767695574898814,0.8026508352451329,0.870499970102637
"T=300, dt=0.1",103,True,,0.6967864546292907,1.500837538907305,0.8027116073427377,0.9947770596785186
"T=300, dt=0.1",104,True,,0.6704818554341265,1.5051268862500862,0.8130453431434889,1.033804531684371
"T=300, dt=0.1",105,True,,0.6952132974480424,1.6731009305243165,0.7904645356176175,0.9970280820351376
"T=300, dt=0.1",106,True,,0.729651623476627,1.5318059176744026,0.8054847574905973,0.9499700381083972
"T=300, dt=0.1",107,True,,0.8542223451547222,1.5177755006073506,0.8027418937306205,0.8114364889792225
"T=300, dt=0.1",108,True,,0.7560913624821078,1.5405893517356044,0.8171681051897064,0.9167505607847066
"T=300, dt=0.1",109,True,,0.7574235038145396,1.5477316287392004,0.8057610759272241,0.9151381982063065
"T=300, dt=0.1",110,True,,0.7225727111378136,1.4516622867769549,0.8061077800232854,0.9592767203572733
"T=300, dt=0.1",111,True,,0.6434434437226985,1.4173819985577472,0.8068306406927556,1.0772464733647475
"T=300, dt=0.1",112,True,,0.8103405952222834,1.4739514337611583,0.8158889540077806,0.8553775840019578
"T=300, dt=0.1",113,True,,0.7954416983709175,1.540036424337931,0.8014436639039166,0.8713991006248809
"T=300, dt=0.1",114,True,,0.6313403003342912,1.4742134794754025,0.8005196975107748,1.0978978851705294
"T=300, dt=0.1",115,True,,0.6388871993678891,1.547944076012185,0.7989795943971433,1.0849288908053576
"T=300, dt=0.1",116,True,,0.620999533992077,1.5256326944968182,0.8023361263020613,1.1161798723166012
"T=300, dt=0.1",117,True,,0.6722904095835728,1.4690698850956958,0.8017999246364252,1.0310234545652548
"T=300, dt=0.1",118,True,,0.5742206100121228,1.5384014675044433,0.798217916235983,1.2071095472266518
"T=300, dt=0.1",119,True,,0.6240128147180706,1.5081201083365237,0.8111734148207378,1.11078997772363
"T=300, dt=0.1",120,True,,0.6819656545938404,1.5843648653622668,0.8159492505188857,1.0163960250648756
"T=300, dt=0.1",121,True,,0.7421171443203968,1.5733611822044515,0.8070652041556969,0.9340131620253884
"T=300, dt=0.1",122,True,,0.7273375885548218,1.3947628254592344,0.7959318664017685,0.9529923813468641
"T=300, dt=0.1",123,True,,0.6564558537219026,1.5992934911554082,0.8023120849479942,1.0558930606376866
"T=300, dt=0.1",124,True,,0.7573892902904256,1.5552585542252015,0.799711989658823,0.915179537717194
"T=300, dt=0.1",125,True,,0.6737260062399264,1.3670924073050448,0.7985632666683373,1.0288265172193793
"T=300, dt=0.1",126,True,,0.7059599177198551,1.4583674750763649,0.7878607662261957,0.981850616673404
"T=300, dt=0.1",127,True,,0.762988914549588,1.5534319943163895,0.8042356030451424,0.9084629767774909
"T=300, dt=0.1",128,True,,0.6176221802569496,1.5306152279253027,0.7927262052721554,1.1222834974475415
"T=300, dt=0.1",129,True,,0.7624695382159938,1.538225920886047,0.807346032510494,0.9090818004110076
"T=300, dt=0.1",130,True,,0.6950993456918104,1.429517045995003,0.7942489836948361,0.9971915307589274
"T=300, dt=0.1",131,True,,0.8674426156446788,1.5528938525578042,0.8095871375016811,0.7990697805926931
"T=300, dt=0.1",132,True,,0.8134126562146693,1.5956121903581133,0.8212810979636485,0.852147031723853
"T=300, dt=0.1",133,True,,0.7475680608797849,1.5456553929299743,0.7965453591570549,0.9272027750145001
"T=300, dt=0.1",134,True,,0.6721213850921322,1.4899206377479592,0.8031641358721512,1.0312827354316825
"T=300, dt=0.1",135,True,,0.675333016510939,1.4360554492253284,0.7992953161026652,1.0263783401869524
"T=300, dt=0.1",136,True,,0.6879698942822301,1.6199973346142176,0.7926206456718429,1.0075254547048411
"T=300, dt=0.1",137,True,,0.7619158775579232,1.5536239204522517,0.814177682222454,0.909742401984857
"T=300, dt=0.1",138,True,,0.8269867929145386,1.5166794987215868,0.808241477436212,0.8381599156101344
"T=300, dt=0.1",139,True,,0.6933607218590532,1.4585802986111034,0.7740491707329498,0.9996920199077107
"T=300, dt=0.1",140,True,,0.6956074735287526,1.5102300555887436,0.803059774460712,0.996463101587557
"T=300, dt=0.1",141,True,,0.6408006513062081,1.45003354720919,0.8018829837695315,1.0816892572550199
"T=300, dt=0.1",142,True,,0.7774683784668901,1.4659807647739471,0.8026369284388819,0.891543887517046
"T=300, dt=0.1",143,True,,0.7606168612744583,1.4557866869859901,0.8098945865361197,0.9112961016911149
"T=300, dt=0.1",144,True,,0.7346743542794468,1.559702687401022,0.7949482722537968,0.9434754003898359
"T=300, dt=0.1",145,True,,0.8121669395961593,1.3731407508629052,0.8003125639780774,0.8534540705444189
"T=300, dt=0.1",146,True,,0.8808375982663136,1.5960230642235846,0.8183888841238174,0.7869182490895198
"T=300, dt=0.1",147,True,,0.64279823915958,1.5230700509596922,0.7977930199511377,1.0783277525249502
"T=300, dt=0.1",148,True,,0.6927116414205481,1.5335538275973057,0.8007353272241908,1.0006287452286842
"T=300, dt=0.1",149,True,,0.5982199598434225,1.5044688326273805,0.794385125200948,1.1586828041333976
"T=300, dt=0.1",150,True,,0.7847672034205624,1.5546457727919412,0.8253230285033215,0.88325197273628
"T=300, dt=0.1",151,True,,0.7231404161654139,1.504018826569661,0.8043478708468036,0.9585236353341813
"T=300, dt=0.1",152,True,,0.7556155666761635,1.4556558311323535,0.8092924812508806,0.9173278200302212
"T=300, dt=0.1",153,True,,0.6066733193533457,1.4305291125546054,0.7841457848656246,1.142537768594756
"T=300, dt=0.1",154,True,,0.7870042530374085,1.5998040254346315,0.7995355970560099,0.8807413401957792
"T=300, dt=0.1",155,True,,0.79667930906281,1.5245014442908655,0.8031810069510807,0.8700454156081235
"T=300, dt=0.1",156,True,,0.8359375069942645,1.7147844525118334,0.7885999420892502,0.8291854053208562
"T=300, dt=0.1",157,True,,0.6152122314679219,1.5528874801511705,0.8010673506405274,1.1266797783036064
"T=300, dt=0.1",158,True,,0.6547919755669779,1.4466809272057959,0.8042132958559605,1.0585761683468342
"T=300, dt=0.1",159,True,,0.6559711651563319,1.6593725243975113,0.8083606302531726,1.0566732462923938
"T=300, dt=0.1",160,True,,0.6336086161814591,1.4921976073115233,0.79075334954717,1.0939674159377828
"T=300, dt=0.1",161,True,,0.5832708387034987,1.3974721812565625,0.7947912372627267,1.1883796249795053
"T=300, dt=0.1",162,True,,0.715026673138022,1.5119657704352,0.8009598988542218,0.9694004525984259
"T=300, dt=0.1",163,True,,0.6736031260447132,1.5521260494721287,0.8042329020717929,1.0290141980634675
"T=300, dt=0.1",164,True,,0.638236058804015,1.503197291368874,0.7942945402245795,1.08603575589074
"T=300, dt=0.1",165,True,,0.773239479491086,1.3673250066863973,0.8201571294406941,0.8964198012964184
"T=300, dt=0.1",166,True,,0.725271042637167,1.6206588619645903,0.8158670669091631,0.9557077834509761
"T=300, dt=0.1",167,True,,0.7241981722385545,1.5364971005865442,0.7946082344923429,0.9571236260060859
"T=300, dt=0.1",168,True,,0.5348269368195864,1.589355515160468,0.7957898628841598,1.2960214470157947
"T=300, dt=0.1",169,True,,0.7015893071952929,1.4762789770233098,0.7911989261125039,0.9879671389675304
"T=300, dt=0.1",170,True,,0.601481460636934,1.4230496334304867,0.7966324940168256,1.1523999090943595
"T=300, dt=0.1",171,True,,0.7049522710269768,1.4889425474148148,0.781095146053109,0.9832540571153366
"T=300, dt=0.1",172,True,,0.6038640598104942,1.5591673591775606,0.7897051901454418,1.1478530131060791
"T=300, dt=0.1",173,True,,0.6840301793599879,1.4854662566010384,0.7794117965982715,1.0133283610505135
"T=300, dt=0.1",174,True,,0.8575912879368516,1.4778122147155708,0.8090261784212265,0.8082488596957214
"T=300, dt=0.1",175,True,,0.5960730487272452,1.4786309933941486,0.8079521806061712,1.1628560996676094
"T=300, dt=0.1",176,True,,0.9494828957898345,1.5971941823078528,0.8047791941177749,0.7300259790181324
"T=300, dt=0.1",177,True,,0.7563952093158667,1.55081042901475,0.7915861253994592,0.916382298596091
"T=300, dt=0.1",178,True,,0.7283076103347641,1.4518760962448476,0.776035272939058,0.9517231053528914
"T=300, dt=0.1",179,True,,0.6068428776376183,1.5637533238941144,0.803869722802745,1.142218531522198
"T=300, dt=0.1",180,True,,0.7183911945445374,1.5420946072985784,0.7967797152334579,0.9648603516074596
"T=300, dt=0.1",181,True,,0.7612528669918884,1.4232563786813892,0.815914482951515,0.9105347390006364
"T=300, dt=0.1",182,True,,0.7589576783752424,1.367573036912635,0.7980597253151199,0.9132883167396335
"T=300, dt=0.1",183,True,,0.8304675331042841,1.532353285420004,0.816016069005739,0.8346469343226026
"T=300, dt=0.1",184,True,,0.8264414451817589,1.4769194022788477,0.7999742870582879,0.8387129960641092
"T=300, dt=0.1",185,True,,0.7883513295700674,1.4399504407636026,0.7987893973557253,0.8792363944359144
"T=300, dt=0.1",186,True,,0.6368081260623674,1.4194990090314579,0.7995108798360938,1.0884710043603625
"T=300, dt=0.1",187,True,,0.6151936792474129,1.5529716072124813,0.8055369196108877,1.1267137552646762
"T=300, dt=0.1",188,True,,0.6750077149662226,1.5369407430482525,0.8188462574831966,1.0268729752142616
"T=300, dt=0.1",189,True,,0.7884616327106018,1.5002076270449047,0.8155052454694602,0.8791133922103717
"T=300, dt=0.1",190,True,,0.7341650017336129,1.5645721385108946,0.8047003704480309,0.9441299693164199
"T=300, dt=0.1",191,True,,0.7486622549152419,1.5582520688730233,0.7990686677932232,0.925847638249665
"T=300, dt=0.1",192,True,,0.7897046447082984,1.456382455853956,0.7965260753386968,0.8777296489322036
"T=300, dt=0.1",193,True,,0.6646106188802747,1.4694551848080948,0.7881729522111798,1.0429372641197767
"T=300, dt=0.1",194,True,,0.7680082326590709,1.5171024178858834,0.7856483696092688,0.902525716632054
"T=300, dt=0.1",195,True,,0.763497548120769,1.5696736002450502,0.7832082928716616,0.9078577688507576
"T=300, dt=0.1",196,True,,0.6989549972492912,1.4500158163757153,0.793856233193285,0.9916907144062174
"T=300, dt=0.1",197,True,,0.766356378279787,1.6122517680841313,0.807772836655622,0.9044710792592713
"T=300, dt=0.1",198,True,,0.6313392531164682,1.512042855120342,0.8026237212849582,1.097899706280539
"T=300, dt=0.1",199,True,,0.7973909613271247,1.5086360559873335,0.8033135520518706,0.8692689209899207
"T=300, dt=0.1",200,True,,0.7828491159082684,1.600133945815015,0.8077459844364043,0.8854160609937585
"T=300, dt=0.1",201,True,,0.8065872356755429,1.5848880007469406,0.7899044149128132,0.8593579837392444
"T=300, dt=0.1",202,True,,0.578837484640731,1.5466839188640227,0.8053568938864304,1.1974815020664449
"T=300, dt=0.1",203,True,,0.7718129033106966,1.375783859776655,0.7895014734038794,0.8980766939587118
"T=300, dt=0.1",204,True,,0.8267720611101828,1.453653015546147,0.8077412163857243,0.838377605103386
"T=300, dt=0.1",205,True,,0.6810463278981175,1.5259545177504694,0.7980331633354956,1.0177680315804274
"T=300, dt=0.1",206,True,,0.8900832080817263,1.488368363180219,0.794026641392353,0.7787442502749714
"T=300, dt=0.1",207,True,,0.5412737853033983,1.4494912544953071,0.8037359438087469,1.2805851666572359
"T=300, dt=0.1",208,True,,0.5755032550331699,1.4652684263838642,0.8032776297449739,1.2044192183065843
"T=300, dt=0.1",209,True,,0.7714872931696946,1.4824163196309865,0.7987829656515858,0.8984557318009931
"T=300, dt=0.1",210,True,,0.764572584684943,1.610212396067272,0.8098937896368288,0.9065812644139863
"T=300, dt=0.1",211,True,,0.7885299586469458,1.418946865425044,0.7904771289486332,0.8790372172407125
"T=300, dt=0.1",212,True,,0.6150574623191144,1.5011273940237637,0.7909682288143364,1.1269632888387184
"T=300, dt=0.1",213,True,,0.773534208351089,1.5170158776976592,0.8085984807952357,0.8960782510672651
"T=300, dt=0.1",214,True,,0.6469793609141951,1.4478685700640797,0.810197237912512,1.0713590300322937
"T=300, dt=0.1",215,True,,0.8232404015529667,1.5434290395962678,0.7945854474252501,0.8419742024958777
"T=300, dt=0.1",216,True,,0.8106288519999079,1.5284430148376793,0.7898969348218582,0.8550734147321271
"T=300, dt=0.1",217,True,,0.8278006845813238,1.4238237356527164,0.7993753520468388,0.8373358387720081
"T=300, dt=0.1",218,True,,0.8373296676051825,1.5921417708136405,0.8302050508664054,0.8278067855190077
"T=300, dt=0.1",219,True,,0.6791770955321991,1.5111983067930654,0.7889826116447975,1.0205691345006258
"T=300, dt=0.1",220,True,,0.924863355899996,1.4061409829202218,0.7954323804318374,0.7494590159055823
"T=300, dt=0.1",221,True,,0.8471050631484225,1.5915743764189598,0.819360765048735,0.8182540876142751
"T=300, dt=0.1",222,True,,0.6488724091153467,1.49877491564728,0.7923590730749265,1.068233401239793
"T=300, dt=0.1",223,True,,0.7702203454502318,1.4854916120414385,0.7880845695714734,0.899933615950857
"T=300, dt=0.1",224,True,,0.7233872751525307,1.496993703911891,0.8088487614896027,0.9581965350631734
"T=300, dt=0.1",225,True,,0.6404217064918779,1.5475662648200834,0.8042710774839745,1.0823293051025529
"T=300, dt=0.1",226,True,,0.7332975810899859,1.5219640456818195,0.8095758250127677,0.945246784435917
"T=300, dt=0.1",227,True,,0.8227762642126609,1.5140066560011938,0.806296989934228,0.8424491696089926
"T=300, dt=0.1",228,True,,0.7443327157057323,1.4720008894923595,0.7938103189730926,0.9312329902129104
"T=300, dt=0.1",229,True,,0.7153319826619923,1.5608269734951736,0.797599046437743,0.968986704579474
"T=300, dt=0.1",230,True,,0.6866132735037659,1.5053975014004746,0.7833029440659449,1.0095161385722082
"T=300, dt=0.1",231,True,,0.6782223577063651,1.3982231109339922,0.7894689316679995,1.022005796010697
"T=300, dt=0.1",232,True,,0.7293905008974941,1.4823808317241918,0.8051487915142616,0.9503101283976794
"T=300, dt=0.1",233,True,,0.6480532461875661,1.595089858090317,0.8112878684373275,1.0695836872011095
"T=300, dt=0.1",234,True,,0.6724194099618737,1.4696674570513988,0.7997720037122237,1.0308256577531676
"T=300, dt=0.1",235,True,,0.6495409257438535,1.4946379948804391,0.8050842856217229,1.0671339604446848
"T=300, dt=0.1",236,True,,0.7271557037222155,1.6120464739029088,0.7994312776780911,0.9532307551351313
"T=300, dt=0.1",237,True,,0.6843378793417885,1.3877444137267865,0.801331977316584,1.012872736529841
"T=300, dt=0.1",238,True,,0.7476283187486974,1.5469971587015512,0.7920816847616053,0.9271280436782585
"T=300, dt=0.1",239,True,,0.6358263763786022,1.6008545359450512,0.7940160245734939,1.090151661382496
"T=300, dt=0.1",240,True,,0.6889525838197774,1.4560713876471145,0.8027825522237543,1.0060883678190329
"T=300, dt=0.1",241,True,,0.8389378831647989,1.5567734291125352,0.8092954058948497,0.8262199078972634
"T=300, dt=0.1",242,True,,0.6748479532185236,1.4789483580797338,0.8074726804558582,1.0271160744492858
"T=300, dt=0.1",243,True,,0.7201279655262458,1.5296193185492,0.8004408640555619,0.962533346491295
"T=300, dt=0.1",244,True,,0.5828100177324366,1.4950122249359248,0.7750426694840173,1.1893192626592146
"T=300, dt=0.1",245,True,,0.7064119665187986,1.425356555272643,0.8186184064928455,0.9812223085288005
"T=300, dt=0.1",246,True,,0.640218280560298,1.4633343917825499,0.7972438406994414,1.0826732094455749
"T=300, dt=0.1",247,True,,0.6827169271264146,1.5619766173236345,0.798805971318128,1.0152775667617209
"T=300, dt=0.1",248,True,,0.8242764602540403,1.602936392526531,0.8173715563180074,0.8409158989525416
"T=300, dt=0.1",249,True,,0.63734782634732,1.5160688147886692,0.8081492302859644,1.0875492971120884
"T=300, dt=0.1",250,True,,0.6971775345300122,1.4659922160658605,0.7870504108778213,0.9942190421084296
"T=300, dt=0.1",251,True,,0.677624067710591,1.5261514396361346,0.8056057994236259,1.0229081486166811
"T=300, dt=0.1",252,True,,0.7143980384980995,1.4511223431496711,0.8023668614954432,0.9702534766433143
"T=300, dt=0.1",253,True,,0.6614975079394059,1.3649275491036166,0.8038429244849508,1.0478454903316712
"T=300, dt=0.1",254,True,,0.7105351242678977,1.5295105982359554,0.8034356521155749,0.9755283826033679
"T=300, dt=0.1",255,True,,0.7274892203709945,1.560518411242385,0.7868587667951057,0.9527937475231097
"T=300, dt=0.1",256,True,,0.6817715470158595,1.4907814560874113,0.7953405346044342,1.0166854037747357
"T=300, dt=0.1",257,True,,0.769651397712263,1.6129796563216716,0.8137592478794305,0.9005988719312128
"T=300, dt=0.1",258,True,,0.6610343169449238,1.6223251332384168,0.8026360550024659,1.0485797224014577
"T=300, dt=0.1",259,True,,0.655416992869275,1.4620826599356795,0.7790779411289963,1.0575666912838124
"T=300, dt=0.1",260,True,,0.6665822689168723,1.5457809720669242,0.8060855459351001,1.0398524126455362
"T=300, dt=0.1",261,True,,0.7058882940365298,1.5568769933944961,0.7927953370938294,0.9819502411582347
"T=300, dt=0.1",262,True,,0.586017804195101,1.5187628253370127,0.7968398710540148,1.1828090812223482
"T=300, dt=0.1",263,True,,0.8091752344754719,1.5226004325176403,0.7780399029305618,0.8566094846059655
"T=300, dt=0.1",264,True,,0.8579416823701449,1.4679067286719822,0.7973349529775541,0.8079187604512474
"T=300, dt=0.1",265,True,,0.9590936973425818,1.6157237463575236,0.8068881722278012,0.7227105990587672
"T=300, dt=0.1",266,True,,0.8041903986982674,1.5892230509473166,0.8217269641326269,0.8619192441018119
"T=300, dt=0.1",267,True,,0.7567571888493655,1.4569834081939974,0.8085117559734695,0.9159439656118259
"T=300, dt=0.1",268,True,,0.636317584836485,1.5255721412772236,0.7876023132630867,1.089310113499478
"T=300, dt=0.1",269,True,,0.713813626386201,1.4733613160703745,0.8085547829759968,0.9710478406935392
"T=300, dt=0.1",270,True,,0.6802773130510553,1.3944272191252447,0.799901201193162,1.0189185605075795
"T=300, dt=0.1",271,True,,0.9183505079329896,1.5478547445329516,0.7989833503219289,0.7547741026681318
"T=300, dt=0.1",272,True,,0.5737618142084963,1.5664521378226723,0.7964365592893515,1.2080747853813538
"T=300, dt=0.1",273,True,,0.7338022211024228,1.546741871689146,0.7962501616607408,0.9445967327798495
"T=300, dt=0.1",274,True,,0.7315718918972137,1.4413164774183551,0.7867705992513956,0.9474765067345328
"T=300, dt=0.1",275,True,,0.7533805758730259,1.423085266319143,0.8142044405094266,0.920049179336378
"T=300, dt=0.1",276,True,,0.7721165497447532,1.378169479805193,0.8007195688563263,0.8977235118054215
"T=300, dt=0.1",277,True,,0.7748819498636753,1.4060244624470017,0.798874321418061,0.8945197144957246
"T=300, dt=0.1",278,True,,0.7455922829863334,1.476633480130949,0.8039780609500378,0.9296598105651941
"T=300, dt=0.1",279,True,,0.794487101930232,1.6609293400341907,0.7953912261007549,0.8724461087863125
"T=300, dt=0.1",280,True,,0.6490102251333877,1.4653791478345375,0.783874169557024,1.0680065640221406
"T=300, dt=0.1",281,True,,0.659908858137649,1.510066321029138,0.7974757731401253,1.0503680500911887
"T=300, dt=0.1",282,True,,0.7419279246091821,1.511488634455654,0.8035856126315398,0.9342513707447626
"T=300, dt=0.1",283,True,,0.6229028798893568,1.4661406453044725,0.7937924075906502,1.1127692661865132
"T=300, dt=0.1",284,True,,0.6344870185107484,1.5214717468258023,0.7897696819541878,1.092452895548411
"T=300, dt=0.1",285,True,,0.6838474167497289,1.4457091099711414,0.8160177401412662,1.01359917955736
"T=300, dt=0.1",286,True,,0.7260019139160826,1.5198276565020008,0.8162458877905541,0.9547456656430593
"T=300, dt=0.1",287,True,,0.6021958860040277,1.5763521806964822,0.8043477281996716,1.1510327397940896
"T=300, dt=0.1",288,True,,0.6657547109670426,1.4839432352914317,0.7940038695419077,1.0411449879988288
"T=300, dt=0.1",289,True,,0.7253610671279671,1.5106394109031724,0.8077035642547512,0.9555891706518367
"T=300, dt=0.1",290,True,,0.6084385700778929,1.4747415458636015,0.7886259731491462,1.1392229464861308
"T=300, dt=0.1",291,True,,0.7749472576260388,1.5193077396873889,0.799883438301097,0.8944443299061686
"T=300, dt=0.1",292,True,,0.641265682647813,1.5101166301245836,0.8039363593341864,1.080904840717363
"T=300, dt=0.1",293,True,,0.742449773588248,1.5868308308067025,0.7918033238427298,0.9335947093228623
"T=300, dt=0.1",294,True,,0.84406768781644,1.4418421502737062,0.7917383644581814,0.8211985727745148
"T=300, dt=0.1",295,True,,0.6454158785312111,1.4313788258919724,0.7937971195183513,1.073954334896993
"T=300, dt=0.1",296,True,,0.609766305477127,1.547499242681749,0.8082049913306055,1.1367423459346033
"T=300, dt=0.1",297,True,,0.669405865869761,1.4976281070058974,0.8063351522473196,1.0354662483564243
"T=300, dt=0.1",298,True,,0.7247213841342973,1.5566139204488063,0.7924529089911181,0.9564326315387142
"T=300, dt=0.1",299,True,,0.7338367831079803,1.6028862258216712,0.7936530083731932,0.9445522444708966
"T=300, dt=0.1",300,True,,0.6647888410334585,1.4503183805397495,0.7951850917443782,1.0426576647742791
"T=300, dt=0.1",301,True,,0.7765069427731809,1.5154973945568269,0.7926936083659185,0.8926477567405535
"T=300, dt=0.1",302,True,,0.7533733807040547,1.5745280537954898,0.8019190840489275,0.9200579663594886
"T=300, dt=0.1",303,True,,0.7441584617072081,1.4586536755525552,0.797312249364868,0.9314510500488894
"T=300, dt=0.1",304,True,,0.7798346726947921,1.445876537203333,0.8192552832862326,0.8888386280193339
"T=300, dt=0.1",305,True,,0.617720250979093,1.4649924002327308,0.7871143018882351,1.1221053210758427
"T=300, dt=0.1",306,True,,0.7374697897356499,1.4289424223403797,0.8008908162824077,0.9398990849623924
"T=300, dt=0.1",307,True,,0.7148926968327943,1.5055181862477915,0.80596821813475,0.9695821255844567
"T=300, dt=0.1",308,True,,0.6297872569101889,1.5962062052009105,0.7815997544754378,1.1006052805206121
"T=300, dt=0.1",309,True,,0.6307790111303985,1.5259471493515961,0.7957931509533854,1.098874833069951
"T=300, dt=0.1",310,True,,0.7927322763128836,1.4906444828851264,0.8039562064280428,0.8743773923068663
"T=300, dt=0.1",311,True,,0.7403331322480811,1.5072279746656827,0.8153899260752902,0.9362638930600717
"T=300, dt=0.1",312,True,,0.7262116111096735,1.605618545793128,0.807100069080776,0.9544699781111944
"T=300, dt=0.1",313,True,,0.658201373173472,1.6001695233675337,0.7729095556533939,1.0530928813137908
"T=300, dt=0.1",314,True,,0.6858169081838703,1.4954457308554727,0.8159889969499475,1.0106883809492047
"T=300, dt=0.1",315,True,,0.678786481795494,1.4642800532279352,0.7954579426178628,1.021156430114025
"T=300, dt=0.1",316,True,,0.8238116538384147,1.4223661296857126,0.8180687575318178,0.841390355829928
"T=300, dt=0.1",317,True,,0.6690185371977329,1.4615411147349362,0.8003327166830673,1.0360657321444011
"T=300, dt=0.1",318,True,,0.6453520781206791,1.4803793212618614,0.7987200915949885,1.074060507527069
"T=300, dt=0.1",319,True,,0.6632027940213959,1.5556007445544242,0.7801954011800676,1.0451511766966157
"T=300, dt=0.1",320,True,,0.6044298814429345,1.4712348239866946,0.7838474476867412,1.1467784797555327
"T=300, dt=0.1",321,True,,0.7094343803650728,1.5260772322430525,0.7795717729034598,0.9770419925282643
"T=300, dt=0.1",322,True,,0.8442847943059523,1.4991545712299972,0.7981113091589787,0.8209874028700822
"T=300, dt=0.1",323,True,,0.8511203144299195,1.4917202088426413,0.8219979771617237,0.8143938862794214
"T=300, dt=0.1",324,True,,0.6970357875201373,1.4836045148490897,0.7909525783319713,0.9944212233721506
"T=300, dt=0.1",325,True,,0.6627979813673407,1.61485925292634,0.7986678631388561,1.045789516633703
"T=300, dt=0.1",326,True,,0.9095736675367109,1.4871495017242893,0.800815826488814,0.7620572201008331
"T=300, dt=0.1",327,True,,0.7781091076007708,1.591155635261127,0.7978512321307489,0.8908097512149704
"T=300, dt=0.1",328,True,,0.6928093836344503,1.4384227928750153,0.8015067769167421,1.0004875755633142
"T=300, dt=0.1",329,True,,0.6356141274535269,1.503205291608771,0.7947466047362153,1.0905156928102184
"T=300, dt=0.1",330,True,,0.7114428642941306,1.5296096150637164,0.8033538655235541,0.9742836921242611
"T=300, dt=0.1",331,True,,0.6635834965720048,1.487270806398485,0.7898476095445541,1.044551566066159
"T=300, dt=0.1",332,True,,0.7891241944174868,1.4999305348345147,0.8210066691066434,0.8783752740867494
"T=300, dt=0.1",333,True,,0.6547654805056898,1.53521254373459,0.8048909149727633,1.058619003592878
"T=300, dt=0.1",334,True,,0.7320409810589609,1.525934184043636,0.7925533749118366,0.9468693672822083
"T=300, dt=0.1",335,True,,0.7467213153091051,1.5923099886368541,0.8078626286112703,0.9282541777624457
"T=300, dt=0.1",336,True,,0.7190321899600464,1.5461396803727594,0.8097273886490145,0.9640002078327823
"T=300, dt=0.1",337,True,,0.6358174776420212,1.5617559136469588,0.7966036362841854,1.090166918862526
"T=300, dt=0.1",338,True,,0.6455555135438501,1.4702796291775773,0.7991691691848717,1.0737220363200608
"T=300, dt=0.1",339,True,,0.6919397480398896,1.5490640855464435,0.8002488119339513,1.001744996617807
"T=300, dt=0.1",340,True,,0.7395262234563117,1.5038323135119387,0.7903305525011031,0.9372854654435303
"T=300, dt=0.1",341,True,,0.7375641490408159,1.5797676023922889,0.8051429039663809,0.9397788402017183
"T=300, dt=0.1",342,True,,0.7042614127032701,1.4803082804050214,0.803750035013668,0.9842185984595359
"T=300, dt=0.1",343,True,,0.6670530572703689,1.4322293188187079,0.7876217723473112,1.0391185123959337
"T=300, dt=0.1",344,True,,0.7209772323750555,1.485953600944182,0.7895818259237269,0.9613995413926845
"T=300, dt=0.1",345,True,,0.6345968326742548,1.487867384630559,0.7959037246333902,1.0922638514266663
"T=300, dt=0.1",346,True,,0.7178038294547885,1.5975951383632057,0.7963618774612925,0.9656498783050916
"T=300, dt=0.1",347,True,,0.8054045111571257,1.4032346201644157,0.820572887682636,0.8606199381278605
"T=300, dt=0.1",348,True,,0.8374507011813405,1.4695081859886576,0.7972023891898342,0.8276871457414329
"T=300, dt=0.1",349,True,,0.643188444815734,1.561108445537214,0.8125467116028371,1.0776735591985391
"T=300, dt=0.1",350,True,,0.6499020448089874,1.4192154380623032,0.8069064949512865,1.066541005827529
"T=300, dt=0.1",351,True,,0.6756219015398942,1.5414812132493545,0.7863254180504531,1.0259394773616826
"T=300, dt=0.1",352,True,,0.6824042206029703,1.4556934359482112,0.7915447959343825,1.0157428099543149
"T=300, dt=0.1",353,True,,0.6992842822266668,1.5111865192955418,0.7897317550292212,0.9912237385814254
"T=300, dt=0.1",354,True,,0.7729166677172419,1.4678991740364518,0.7853817605965145,0.8967941946537517
"T=300, dt=0.1",355,True,,0.663058750029813,1.4649968765368333,0.7913930477024926,1.0453782270858796
"T=300, dt=0.1",356,True,,0.6783231019889815,1.4536003841325675,0.8071068248970407,1.021854008108373
"T=300, dt=0.1",357,True,,0.7036302234374736,1.4473598424900274,0.7946599936683001,0.9851014886394233
"T=300, dt=0.1",358,True,,0.8328435279219262,1.438303971698484,0.8087860628944139,0.8322657946198551
"T=300, dt=0.1",359,True,,0.6459202489586583,1.3909435098278744,0.80088691944779,1.0731157316672228
"T=300, dt=0.1",360,True,,0.7047401054060927,1.5310658359949314,0.8130227654102157,0.9835500707889085
"T=300, dt=0.1",361,True,,0.6620833337040103,1.5117625565316506,0.8048295724223363,1.0469183338027088
"T=300, dt=0.1",362,True,,0.7695313387221018,1.5777493086227148,0.8152442740076289,0.9007393795176666
"T=300, dt=0.1",363,True,,0.6149522196027762,1.493671345486216,0.7889001387877267,1.1271561569574926
"T=300, dt=0.1",364,True,,0.7286278984201245,1.4751565531662212,0.8071021018311026,0.9513047497397346
"T=300, dt=0.1",365,True,,0.7912452480421415,1.4820821282662306,0.8030524937233298,0.8760206551319831
"T=300, dt=0.1",366,True,,0.7546990307198649,1.4344078429993452,0.7957994205186705,0.9184418587351189
"T=300, dt=0.1",367,True,,0.6298179514023728,1.537614305901736,0.7894064869393098,1.1005516419729884
"T=300, dt=0.1",368,True,,0.8332533178888549,1.5387023065437697,0.8134165481037264,0.8318564903121118
"T=300, dt=0.1",369,True,,0.7198737792830732,1.4926351289832267,0.8133412029540464,0.9628732154270918
"T=300, dt=0.1",370,True,,0.7166045660504794,1.5398734021472518,0.7888649512685506,0.9672659279582629
"T=300, dt=0.1",371,True,,0.74315668839324,1.56691495133702,0.7900790284858921,0.9327066436804613
"T=300, dt=0.1",372,True,,0.717881567019573,1.5024510819805168,0.7904910021094725,0.9655453105415183
"T=300, dt=0.1",373,True,,0.7279010217818489,1.4580515626721156,0.7906625653944742,0.9522547157073241
"T=300, dt=0.1",374,True,,0.6700941054371619,1.5063833681154897,0.7977009453332837,1.0344027427427434
"T=300, dt=0.1",375,True,,0.8533962564686807,1.5107442348836604,0.807335921706101,0.8122219605557686
"T=300, dt=0.1",376,True,,0.6534375824350838,1.424503759777628,0.8015455763607173,1.0607703003198572
"T=300, dt=0.1",377,True,,0.7126964490336529,1.4618327674981997,0.802715024184287,0.972569993157375
"T=300, dt=0.1",378,True,,0.797172963843528,1.638616888420266,0.810453513588759,0.8695066340659274
"T=300, dt=0.1",379,True,,0.6796129197222317,1.5063456305205558,0.7867685961962421,1.0199146608973315
"T=300, dt=0.1",380,True,,0.9232202531131469,1.5347344831595309,0.7961807525463259,0.7507928668404065
"T=300, dt=0.1",381,True,,0.6529030976331907,1.5838735642098014,0.80916381162241,1.0616386766621901
"T=300, dt=0.1",382,True,,0.7845878140467007,1.585204276692054,0.792936972088082,0.8834539208363072
"T=300, dt=0.1",383,True,,0.6627043338777184,1.49497043194062,0.8043810980471223,1.0459372983183843
"T=300, dt=0.1",384,True,,0.5917145520057123,1.3921551028796932,0.7912412825843398,1.171421554887252
"T=300, dt=0.1",385,True,,0.6494112174496223,1.6057758020689221,0.7997130951235416,1.0673471013976068
"T=300, dt=0.1",386,True,,0.8854513959657774,1.4573446664083185,0.8256920938594468,0.782817875400058
"T=300, dt=0.1",387,True,,0.6727625982523179,1.493178920614104,0.8031566920496964,1.030299815061928
"T=300, dt=0.1",388,True,,0.7607405134906083,1.4931045080058776,0.7990130282441238,0.911147977882083
"T=300, dt=0.1",389,True,,0.7146123267410731,1.4063927916695438,0.7836910871110693,0.9699625302028895
"T=300, dt=0.1",390,True,,0.7232870329959343,1.5922907906158033,0.7826153944689264,0.95832933391444
"T=300, dt=0.1",391,True,,0.687657254761793,1.3769108632125109,0.7933567443872973,1.0079835205113252
"T=300, dt=0.1",392,True,,0.7026299847596535,1.56565732345704,0.7955940896543001,0.9865038435515217
"T=300, dt=0.1",393,True,,0.6745869076518759,1.4735024757187607,0.8100271998391819,1.0275135385782606
"T=300, dt=0.1",394,True,,0.6763371457772369,1.490961673415988,0.807130859810943,1.024854519506526
"T=300, dt=0.1",395,True,,0.8326445999327503,1.4897623063866876,0.8202428883471038,0.8324646321082587
"T=300, dt=0.1",396,True,,0.761898616803619,1.5323831911082888,0.8129453911185892,0.909763012128693
"T=300, dt=0.1",397,True,,0.7399617141777285,1.3878263633038084,0.7923001959720927,0.9367338434937743
"T=300, dt=0.1",398,True,,0.8465670946393213,1.6065005408124353,0.8060413179822207,0.8187740640394955
"T=300, dt=0.1",399,True,,0.6046441609438166,1.5767740184666807,0.8040733936354391,1.1463720735812288
"T=300, dt=0.1",400,True,,0.8351584050851644,1.4448205039930515,0.7964971591322787,0.8299589351426839
"T=300, dt=0.1",401,True,,0.6453145391594822,1.4659277519109735,0.7917282142760965,1.0741229873152474
"T=300, dt=0.1",402,True,,0.689131370898683,1.5381047981252078,0.7987612859917583,1.0058273499521946
"T=300, dt=0.1",403,True,,0.7304640092950216,1.596105914985432,0.8199616090195787,0.9489135285787849
"T=300, dt=0.1",404,True,,0.6234402215968188,1.3850373942650982,0.8092257072434134,1.1118101728896892
"T=300, dt=0.1",405,True,,0.6772382810887043,1.516612179385556,0.7957257429032875,1.0234908449735984
"T=300, dt=0.1",406,True,,0.718683397008005,1.42870501553858,0.8043252898546104,0.9644680584602746
"T=300, dt=0.1",407,True,,0.6359803601077464,1.5266280347988508,0.7958032573348796,1.0898877135805165
"T=300, dt=0.1",408,True,,0.7510500663413717,1.5057228108675018,0.7890402275414271,0.92290409338023
"T=300, dt=0.1",409,True,,0.6759357321624128,1.488860593249785,0.7897450097060728,1.0254631432820849
"T=300, dt=0.1",410,True,,0.7256857320557969,1.5525599036695745,0.8062836934668597,0.9551616491016393
"T=300, dt=0.1",411,True,,0.751799026677616,1.4471562761885053,0.8147449309766188,0.9219846740466431
"T=300, dt=0.1",412,True,,0.8126322333737033,1.4472299911157438,0.7913658003957535,0.8529654031594257
"T=300, dt=0.1",413,True,,0.765365421496347,1.6640133267386104,0.7998549329936766,0.9056421430756441
"T=300, dt=0.1",414,True,,0.6562421779776848,1.5294957609305209,0.8074133858014593,1.056236864713556
"T=300, dt=0.1",415,True,,0.7512911240871469,1.6218975538547473,0.802759090981944,0.9226079722453141
"T=300, dt=0.1",416,True,,0.6856160157941302,1.371833694782287,0.7870274508375689,1.0109845228120757
"T=300, dt=0.1",417,True,,0.6436546786751564,1.5434335631345348,0.7960307190801758,1.076892942014591
"T=300, dt=0.1",418,True,,0.6328783115863112,1.4881717623425423,0.8061634949452887,1.0952297904198518
"T=300, dt=0.1",419,True,,0.6612895122047161,1.5095780847455014,0.8108240975087814,1.0481750697194891
"T=300, dt=0.1",420,True,,0.8062076791196585,1.5242570152938257,0.8082098294985276,0.8597625630617038
"T=300, dt=0.1",421,True,,0.7147669447352848,1.4632995109409401,0.8067157298385507,0.9697527084393271
"T=300, dt=0.1",422,True,,0.8044216803521993,1.5715706784340069,0.8096195405010418,0.8616714311534532
"T=300, dt=0.1",423,True,,0.6799584395749597,1.4817124664695656,0.7806388198229762,1.0193963928048746
"T=300, dt=0.1",424,True,,0.7095653955582472,1.5149744117268906,0.7837110101097241,0.9768615900647397
"T=300, dt=0.1",425,True,,0.7702875415701157,1.4624324517896559,0.7942019968568788,0.8998551101411671
"T=300, dt=0.1",426,True,,0.6958772455730152,1.5304085695574923,0.7895005163106255,0.9960768008575681
"T=300, dt=0.1",427,True,,0.6902733716501117,1.5824289677919476,0.8170223270427089,1.004163290991457
"T=300, dt=0.1",428,True,,0.7000669218788084,1.5015622673813873,0.76830241041833,0.9901156002339145
"T=300, dt=0.1",429,True,,0.587364766289685,1.5078280639176131,0.7911303942132283,1.1800966287754635
"T=300, dt=0.1",430,True,,0.6238636843919725,1.5388098724484698,0.7894749837975048,1.111055504433629
"T=300, dt=0.1",431,True,,0.7226374166355238,1.4658911950012006,0.7867832540562875,0.9591908259983547
"T=300, dt=0.1",432,True,,0.6963274414367507,1.4679740251300737,0.7772979890733326,0.9954328083491245
"T=300, dt=0.1",433,True,,0.7662249393657442,1.4267662063492637,0.8012789454269521,0.9046262330402737
"T=300, dt=0.1",434,True,,0.7502914884288989,1.408917370916999,0.799563278217329,0.9238371902783902
"T=300, dt=0.1",435,True,,0.6815387829079841,1.5772193235460767,0.793431501177411,1.0170326296068297
"T=300, dt=0.1",436,True,,0.7384102532747816,1.3983453508377282,0.7907809463773448,0.9387019986327401
"T=300, dt=0.1",437,True,,0.830065509436339,1.5238796871758276,0.7847895456359356,0.8350511769012436
"T=300, dt=0.1",438,True,,0.7753314980210336,1.5512921742467072,0.8227936592598883,0.8940010593264215
"T=300, dt=0.1",439,True,,0.7415195358081985,1.521124300460639,0.7986250526922095,0.9347659058024261
"T=300, dt=0.1",440,True,,0.7414387801993653,1.4543540997596254,0.803083746722328,0.934867718105553
"T=300, dt=0.1",441,True,,0.7298684690881054,1.5028813516661894,0.7970101281505328,0.9496877998113282
"T=300, dt=0.1",442,True,,0.7105452214053768,1.4686148735167985,0.8103226191624793,0.9755145199470624
"T=300, dt=0.1",443,True,,0.744297905475029,1.3858909555134353,0.816516239497701,0.9312765432512696
"T=300, dt=0.1",444,True,,0.6833387602515248,1.3883631465828417,0.8110617959115735,1.0143536718227577
"T=300, dt=0.1",445,True,,0.5663461690872331,1.3605388518726698,0.7850546924954397,1.223893121193129
"T=300, dt=0.1",446,True,,0.7036199171564783,1.384399709451267,0.7986621247237735,0.9851159179250408
"T=300, dt=0.1",447,True,,0.6029014104639691,1.429487100630441,0.809353332214263,1.1496857836615886
"T=300, dt=0.1",448,True,,0.7443675326476832,1.3932252152222393,0.7986780697336456,0.9311894328524118
"T=300, dt=0.1",449,True,,0.6987580013967261,1.6395078645425913,0.7802739341073524,0.9919702946863357
"T=300, dt=0.1",450,True,,0.6341292894600665,1.507667840311848,0.7937546020279914,1.0930691770287568
"T=300, dt=0.1",451,True,,0.75442259499349,1.453527841978235,0.794298588578962,0.9187783944434041
"T=300, dt=0.1",452,True,,0.7872045883855485,1.4510249484767614,0.8068104146542475,0.8805172007209683
"T=300, dt=0.1",453,True,,0.7639373414938536,1.433833036270643,0.807734114992927,0.9073351214963775
"T=300, dt=0.1",454,True,,0.7503172735674175,1.4104371470177681,0.7996571133209159,0.9238054420156764
"T=300, dt=0.1",455,True,,0.7195858771454181,1.3670496010670417,0.8021828890492814,0.9632584554183379
"T=300, dt=0.1",456,True,,0.5555504750608949,1.4711487445256741,0.790872631877913,1.247676334871225
"T=300, dt=0.1",457,True,,0.742311912197934,1.4421104966930622,0.7913122769732917,0.9337680955537742
"T=300, dt=0.1",458,True,,0.6851687922786168,1.614024027283487,0.7806285013537951,1.0116444128384705
"T=300, dt=0.1",459,True,,0.6727805599782969,1.5375987123188553,0.810519389597567,1.0302723083769028
"T=300, dt=0.1",460,True,,0.7831077406151051,1.4700234223432127,0.8137056555639425,0.8851236485231281
"T=300, dt=0.1",461,True,,0.7498527988542182,1.4958003407318865,0.7978117612062822,0.9243776666821547
"T=300, dt=0.1",462,True,,0.7056292842197859,1.4922082395362677,0.7920556430418225,0.9823106779452301
"T=300, dt=0.1",463,True,,0.6718767320059654,1.476301638661914,0.7925360472387529,1.0316582604229714
"T=300, dt=0.1",464,True,,0.7543012036023131,1.4858293001091247,0.7942405597447593,0.918926255519261
"T=300, dt=0.1",465,True,,0.6559032362329787,1.5339984867182663,0.79933010235156,1.056782681148012
"T=300, dt=0.1",466,True,,0.7065202475997698,1.5246257348718133,0.8079317297466649,0.9810719266924673
"T=300, dt=0.1",467,True,,0.6763943322971885,1.3770508037443974,0.7995163889415966,1.0247678720279343
"T=300, dt=0.1",468,True,,0.7685264688425301,1.4795231678611855,0.8079033904587609,0.9019171214803925
"T=300, dt=0.1",469,True,,0.7068520281291354,1.4651570848352415,0.7907292316120499,0.9806114334771544
"T=300, dt=0.1",470,True,,0.5737412036693398,1.529271903854027,0.7888315401165414,1.208118183123243
"T=300, dt=0.1",471,True,,0.714157948877349,1.484096814369622,0.8129072525304349,0.9705796618935175
"T=300, dt=0.1",472,True,,0.7165076353460307,1.5548339052188274,0.8098081435198929,0.967396781787533
"T=300, dt=0.1",473,True,,0.9212732761420045,1.5755310454245832,0.8035745962853986,0.7523795582811457
"T=300, dt=0.1",474,True,,0.688992230929152,1.4643467436261859,0.8175789077579669,1.0060304738490158
"T=300, dt=0.1",475,True,,0.8322846887588887,1.4336468962905264,0.800235165745212,0.8328246210963863
"T=300, dt=0.1",476,True,,0.6903178775835546,1.5411034712728289,0.7880825809289866,1.00409855092598
"T=300, dt=0.1",477,True,,0.8487806807135458,1.569684366311528,0.7965140239226944,0.8166387340216511
"T=300, dt=0.1",478,True,,0.7555340454660054,1.4834180340801657,0.7949703717804839,0.917426798593066
"T=300, dt=0.1",479,True,,0.6641930690942212,1.5219446631860623,0.7906520897017675,1.0435929141886555
"T=300, dt=0.1",480,True,,0.7013335428057645,1.5572766170049317,0.8138209753930422,0.9883274337441943
"T=300, dt=0.1",481,True,,0.8211376888062857,1.403421454782231,0.7971025296009168,0.8441302719493922
"T=300, dt=0.1",482,True,,0.7416645078828136,1.5285490063234843,0.8157198418153419,0.934583188480506
"T=300, dt=0.1",483,True,,0.6351248379795658,1.4811318503869768,0.8026376888100071,1.0913558077258605
"T=300, dt=0.1",484,True,,0.6635720332964581,1.5184246730532007,0.7843594463227592,1.044569610802561
"T=300, dt=0.1",485,True,,0.7193209684274379,1.4522570353996662,0.7966082449344486,0.9636132004816805
"T=300, dt=0.1",486,True,,0.7992273500962727,1.4972714086485612,0.8087183524383406,0.8672715973451743
"T=300, dt=0.1",487,True,,0.71411009143259,1.4239305583825264,0.7932974679014457,0.9706447071338951
"T=300, dt=0.1",488,True,,0.7978036167417019,1.5144719943949827,0.7925760457054222,0.8688193009086843
"T=300, dt=0.1",489,True,,0.785885474084252,1.5143462825599359,0.7895755546879885,0.8819951550416816
"T=300, dt=0.1",490,True,,0.7346003428746564,1.541208071498187,0.7829045040927786,0.9435704560761631
"T=300, dt=0.1",491,True,,0.7156759353206468,1.3970252562256926,0.7864963647763314,0.968521011188384
"T=300, dt=0.1",492,True,,0.768317928807317,1.578131332725951,0.8042005689889542,0.9021619235619537
"T=300, dt=0.1",493,True,,0.6790504976998504,1.531782393920467,0.8019192691481337,1.020759402883651
"T=300, dt=0.1",494,True,,0.6200737105143874,1.3797500643898186,0.786404210639394,1.1178464250402411
"T=300, dt=0.1",495,True,,0.8470985104136117,1.485738799772267,0.8004370813772045,0.8182604172229074
"T=300, dt=0.1",496,True,,0.7387007692140282,1.552389737933248,0.7994413742279168,0.9383328262910142
"T=300, dt=0.1",497,True,,0.6712914675591709,1.5004203097031084,0.8001710506078376,1.0325577101109928
"T=300, dt=0.1",498,True,,0.6527822537313835,1.5698646477259146,0.8166262369813287,1.0618352085980138
"T=300, dt=0.1",499,True,,0.7049514529049417,1.4001373904764938,0.8085168576121539,0.9832551982177585
